fold,level,metric,r2,rmse,medae,alpha,n_components
0,50%,D50,0.3436108228442234,1.6250999544431364,0.9773244563109551,316.22776601683796,6
0,50%,D10,0.239738207659562,0.26569726967858215,0.1682419177709802,316.22776601683796,6
0,50%,D90,-0.06151501301077533,1.283726553696993,0.9114053695248945,1000.0,6
0,50%,Span,0.4614211208952498,0.39347496665754816,0.2629179770455661,316.22776601683796,6
0,50%,Skewness,0.20258846178106038,0.2065314497618564,0.12654973959672777,316.22776601683796,6
0,50%,sigma_local,0.28069212599123405,6.176844989655083,3.5088338677951914,316.22776601683796,6
0,75%,D50,0.44693756522740846,1.4917170475962827,0.8672376860540174,100.0,13
0,75%,D10,0.32364461401380384,0.2506068775399885,0.1673858879026484,100.0,13
0,75%,D90,0.08287592957482492,1.1932281767061712,0.8423365334439232,1000.0,13
0,75%,Span,0.5112605815396667,0.37482722877607694,0.24611754029792943,100.0,13
0,75%,Skewness,0.36646547180836386,0.18408995032860181,0.11131464891799289,316.22776601683796,13
0,75%,sigma_local,0.33621364373440576,5.933670912595073,3.432845267750949,316.22776601683796,13
0,95%,D50,0.554180899603401,1.3393025876399147,0.7776448389590773,100.0,47
0,95%,D10,0.44411576718706924,0.22719443371977407,0.15259887816390638,100.0,47
0,95%,D90,0.21486446581615248,1.1040322782788607,0.7873252520660454,316.22776601683796,47
0,95%,Span,0.6077675460324742,0.3357872569327842,0.2088958721382269,100.0,47
0,95%,Skewness,0.48491307060891686,0.16599125201264525,0.10846940861484156,100.0,47
0,95%,sigma_local,0.681923264352494,4.107478022004635,2.095638971819703,31.622776601683793,47
0,brut (100%),D50,0.5853647112452814,1.2916132838486574,0.6973813831632647,100.0,384
0,brut (100%),D10,0.5341528145512854,0.20798271681909566,0.1366630060969688,31.622776601683793,384
0,brut (100%),D90,0.22357820076304014,1.0978886981758191,0.7796191945211266,316.22776601683796,384
0,brut (100%),Span,0.6381964745648605,0.3224993512632964,0.20117495237138616,100.0,384
0,brut (100%),Skewness,0.5104095133069283,0.16183088944617907,0.10726440959984859,100.0,384
0,brut (100%),sigma_local,0.8177015137525308,3.10957350103223,1.826369854803879,10.0,384
1,50%,D50,0.49120409505579987,1.5694151925642088,1.1015000708856304,316.22776601683796,6
1,50%,D10,0.44969735788111664,0.16425788326788962,0.0849132793783991,316.22776601683796,6
1,50%,D90,0.030051428514990874,1.5779817704218233,0.9997296422574156,1000.0,6
1,50%,Span,0.4983522276253308,0.5627007815118106,0.4077265707477109,316.22776601683796,6
1,50%,Skewness,0.36866876267191007,0.2383336174852481,0.15239098639223173,316.22776601683796,6
1,50%,sigma_local,0.31425572880414854,3.938825241395135,2.6239711346866557,316.22776601683796,6
1,75%,D50,0.6740124543604746,1.2562224571492917,0.9145145571938396,316.22776601683796,13
1,75%,D10,0.614190407467819,0.13753458891184334,0.0822744766660029,316.22776601683796,13
1,75%,D90,0.17018246060154452,1.4595498508019482,0.9712414127627724,1000.0,13
1,75%,Span,0.6847355159308885,0.4460829236325358,0.3168245272296957,316.22776601683796,13
1,75%,Skewness,0.5498412256061094,0.2012516852100054,0.12488413711256374,316.22776601683796,13
1,75%,sigma_local,0.2200720197336089,4.200614903325389,2.975696665289771,316.22776601683796,13
1,95%,D50,0.8018019115856947,0.979525574633908,0.5682394092252037,100.0,47
1,95%,D10,0.6110745365457555,0.13808884970337396,0.07070445184831664,316.22776601683796,47
1,95%,D90,0.24169194371691993,1.3952449613863551,0.8599194553796199,316.22776601683796,47
1,95%,Span,0.8276791586432262,0.32979721015165087,0.1992692201172228,100.0,47
1,95%,Skewness,0.690006190987149,0.1670064236913341,0.09670053736075379,100.0,47
1,95%,sigma_local,0.677676378546592,2.700422297102225,1.807358711966204,31.622776601683793,47
1,brut (100%),D50,0.8324069332466196,0.9007288492233836,0.5120203947509729,100.0,384
1,brut (100%),D10,0.728013081855568,0.11547804717558498,0.06918472875569226,31.622776601683793,384
1,brut (100%),D90,0.21667694717589614,1.418071346449575,0.8771121284665124,1000.0,384
1,brut (100%),Span,0.8540045961907531,0.30356218218158065,0.1857340900030371,100.0,384
1,brut (100%),Skewness,0.7228666047130242,0.15790689616581022,0.09441804398732498,100.0,384
1,brut (100%),sigma_local,0.7641294976453606,2.3100556073880654,1.6253926190273429,10.0,384
2,50%,D50,0.47946499010746235,1.3648733898255085,0.9635420650000777,316.22776601683796,6
2,50%,D10,-15.660859768563014,0.14656286483768377,0.12343926566573815,316.22776601683796,6
2,50%,D90,0.2439436272967126,1.4709064401925973,0.9291041823839095,1000.0,6
2,50%,Span,0.47224191063244003,0.5045391974582092,0.37340418301208,316.22776601683796,6
2,50%,Skewness,0.40940163439455324,0.2175842167115794,0.15199961356085834,316.22776601683796,6
2,50%,sigma_local,-0.07429809181208347,3.5807221669730525,2.0485715944845637,316.22776601683796,6
2,75%,D50,0.6666649018896035,1.0922144469425918,0.586860253147444,316.22776601683796,13
2,75%,D10,-12.912388077354072,0.13392944919549044,0.12108456062885198,316.22776601683796,13
2,75%,D90,0.34453969496317394,1.369560299154364,0.8191270752255129,1000.0,13
2,75%,Span,0.6255588685592735,0.42498072893080163,0.2953882514532826,100.0,13
2,75%,Skewness,0.59628212428877,0.17989548280455728,0.12384147352113384,316.22776601683796,13
2,75%,sigma_local,0.262072381723097,2.967666574145642,1.898858492767257,316.22776601683796,13
2,95%,D50,0.784946298848791,0.8772853057225991,0.5207002977432182,100.0,47
2,95%,D10,-7.7419413265615855,0.10616446722213338,0.07126836995057406,100.0,47
2,95%,D90,0.4494184651454306,1.2552169100876638,0.7779173037121616,316.22776601683796,47
2,95%,Span,0.7365944875557195,0.35644283760469403,0.28194560439037364,100.0,47
2,95%,Skewness,0.721467081577146,0.1494237162743961,0.10222296091015748,100.0,47
2,95%,sigma_local,0.5939032186503947,2.201521830616545,1.1841415509697537,31.622776601683793,47
2,brut (100%),D50,0.7641376180676447,0.9187486934777452,0.601099827606344,100.0,384
2,brut (100%),D10,-6.7383383678324655,0.09988472974356934,0.06122762032455542,10.0,384
2,brut (100%),D90,0.4411727722831298,1.2645812532347596,0.7365769892896843,1000.0,384
2,brut (100%),Span,0.7180624884636716,0.36876856537050146,0.2707945368123732,100.0,384
2,brut (100%),Skewness,0.693336734020523,0.15678775690966928,0.10961370032707884,100.0,384
2,brut (100%),sigma_local,0.6083581085398935,2.1619855768575786,1.3940012934888006,10.0,384
3,50%,D50,0.5079548201760096,1.4729456870485538,1.0873681596547127,100.0,6
3,50%,D10,0.5307354138688468,0.15370045729448528,0.08468034188562601,316.22776601683796,6
3,50%,D90,0.1617445857242903,1.2247798574435793,0.8692915539753567,1000.0,6
3,50%,Span,0.5171275039186205,0.4641841940828266,0.30812035863468434,100.0,6
3,50%,Skewness,0.381685483573763,0.2049269556064796,0.1493655270489465,316.22776601683796,6
3,50%,sigma_local,0.5566570852723883,4.622245571377265,2.963041188152994,316.22776601683796,6
3,75%,D50,0.5884831777212883,1.3470323907236257,0.9514230179877168,316.22776601683796,13
3,75%,D10,0.5714527516474814,0.14688100138737087,0.08506197862293519,316.22776601683796,13
3,75%,D90,0.18035973790436366,1.2111041535204634,0.8163866626553631,1000.0,13
3,75%,Span,0.6266036154328434,0.4081869988798615,0.2764498165956486,100.0,13
3,75%,Skewness,0.491695962871326,0.18580446509500517,0.1306137029558242,316.22776601683796,13
3,75%,sigma_local,0.5760183525537683,4.520189664617703,3.0720793443144903,316.22776601683796,13
3,95%,D50,0.7147340111711143,1.1215257257905575,0.8628667122676905,100.0,46
3,95%,D10,0.6236583690085351,0.1376440366775254,0.08287910448034991,316.22776601683796,46
3,95%,D90,0.3098523150415846,1.1113244507411006,0.6590567255217561,316.22776601683796,46
3,95%,Span,0.717991284634216,0.3547360932423651,0.21283627568642616,100.0,46
3,95%,Skewness,0.6334179349177506,0.15779018071773562,0.10564187095301525,100.0,46
3,95%,sigma_local,0.8118538201358063,3.0111391904816265,1.8106049714197883,31.622776601683793,46
3,brut (100%),D50,0.7549794273372101,1.0394067133135092,0.7140832212039792,100.0,384
3,brut (100%),D10,0.6952068883666588,0.12387077167850975,0.07669244190797697,10.0,384
3,brut (100%),D90,0.29169519266175337,1.125848481773761,0.6290605984962987,316.22776601683796,384
3,brut (100%),Span,0.7506780114339752,0.33354497693212637,0.2048966478263865,100.0,384
3,brut (100%),Skewness,0.654624173962278,0.15315822875602866,0.09989006153140573,100.0,384
3,brut (100%),sigma_local,0.8781732192049807,2.4230061313570928,1.5233590736952412,10.0,384
4,50%,D50,0.41438781248579515,1.5048449194361386,1.0047547629299718,316.22776601683796,5
4,50%,D10,0.0715340851770444,0.11916661482243453,0.07668032308715556,316.22776601683796,5
4,50%,D90,0.18047364803287136,1.4559971307794815,1.0118077220636295,1000.0,5
4,50%,Span,0.433239907934852,0.47697751408098266,0.28130766047003997,100.0,5
4,50%,Skewness,0.38726763442952905,0.21200506556978607,0.15231864529976602,316.22776601683796,5
4,50%,sigma_local,0.4437476821199784,4.980087149169619,3.5034768502107205,316.22776601683796,5
4,75%,D50,0.5167510122414551,1.3670115048306128,0.8763748731149068,100.0,13
4,75%,D10,-0.15978697841172185,0.13318666191071124,0.09325505949759605,316.22776601683796,13
4,75%,D90,0.32949320758248624,1.3169844542325042,0.8079719784209622,316.22776601683796,13
4,75%,Span,0.5518121515744614,0.4241586356503319,0.2931442432532365,100.0,13
4,75%,Skewness,0.528956337382454,0.1858837434347112,0.12167535007535701,316.22776601683796,13
4,75%,sigma_local,0.5272714155555815,4.590996458057965,2.401525925652873,316.22776601683796,13
4,95%,D50,0.7268033191427705,1.0278373671456225,0.6773138209160932,100.0,47
4,95%,D10,-0.02480402603964782,0.12519645491768414,0.06730107520743367,100.0,47
4,95%,D90,0.4121114802769128,1.23318021225924,0.8870730623530001,316.22776601683796,47
4,95%,Span,0.6868375280799921,0.3545546054245024,0.20474874749030736,100.0,47
4,95%,Skewness,0.6722425315343155,0.1550554820992828,0.10087189299631771,100.0,47
4,95%,sigma_local,0.7888991155532847,3.067934281883884,1.7751648169137688,31.622776601683793,47
4,brut (100%),D50,0.7609196839342994,0.9615206234742526,0.5750800530002378,100.0,384
4,brut (100%),D10,0.15454275199409961,0.11371491887510027,0.07635979551867844,10.0,384
4,brut (100%),D90,0.4145036185993298,1.2306687287763605,0.868552455515502,1000.0,384
4,brut (100%),Span,0.7074678081094155,0.34267711927341854,0.22968292186712302,100.0,384
4,brut (100%),Skewness,0.6908246692843668,0.15059593332022234,0.09425924238942773,100.0,384
4,brut (100%),sigma_local,0.8387988316267857,2.680927802309329,1.4091995234039718,31.622776601683793,384
