patch_id,image_name,x1,y1,x2,y2,D10,D50,D90,Span,A_gran,Skewness,sigma_local
321,070525-JPB-MEB-EIHNValves-Ech6-ZigZag0014.tif,256,0,384,128,0.5,3.8001107419712077,16.26119651017865,4.147562421300107,0.035971250130539305,1.0485852310574428,25.843218930275853
52,060525-JPB-MEB-EIHNValves-Ech2-ZigZag0042.tif,768,128,896,256,0.5,3.880843384100713,18.46284923231816,4.62859421380144,0.028657254560781015,1.0563885024149189,15.19558064388422
325,070525-JPB-MEB-EIHNValves-Ech6-ZigZag0014.tif,768,0,896,128,0.5,3.9061580567909697,18.028399397892617,4.487375867297275,0.031403420869625935,1.0046407039416096,20.94723984189881
34,060525-JPB-MEB-EIHNValves-Ech1-ZigZag20066.tif,512,640,640,768,0.5,4.042111550810125,16.07298891247937,3.8526865764895115,0.028665181557579363,1.0425740798935612,7.4439717871405575
310,070525-JPB-MEB-EIHNValves-Ech5-ZigZag0027.tif,128,512,256,640,0.5,4.061044126002147,17.23297676134267,4.120363197780684,0.02811136074339475,0.9515509857514363,11.393952325722346
320,070525-JPB-MEB-EIHNValves-Ech6-ZigZag0014.tif,128,0,256,128,0.5,4.1009398049012615,15.623577235772371,3.687832047107188,0.036814191703233,1.0953553305333046,22.72099685446289
30,060525-JPB-MEB-EIHNValves-Ech1-ZigZag20066.tif,768,512,896,640,0.5,4.157672002011229,19.183712923728812,4.493791938058309,0.029460943099826924,0.8773770623214633,13.13727952234968
326,070525-JPB-MEB-EIHNValves-Ech6-ZigZag0014.tif,896,0,1024,128,0.5,4.2188849627012175,17.08296474709877,3.930651082858924,0.031074529347325484,1.0047760666655372,22.97370995008955
328,070525-JPB-MEB-EIHNValves-Ech6-ZigZag0014.tif,1152,0,1280,128,0.5,4.232804011700794,17.444459350684202,4.003128730705324,0.034574458142412626,0.9749944819868055,12.79329005121831
259,060722-Nabila-JP-Valves-WholeMount-SAureus-pat04-2-15.tif,512,128,640,256,0.5,4.357216694663395,19.165819988956386,4.283886089901793,0.023939392386278915,0.878536927211168,28.054077923596907
394,310120-pat18-WholeMount-24.tif,0,384,128,512,0.5,4.425626456876456,17.281143153168713,3.791811920116865,0.04055429169950589,0.9362875507856706,16.201235058128397
319,070525-JPB-MEB-EIHNValves-Ech6-ZigZag0014.tif,0,0,128,128,0.5,4.43530505952381,19.869024045261682,4.367010563043708,0.03706158090262021,0.8653059705043805,24.48748604674037
309,070525-JPB-MEB-EIHNValves-Ech5-ZigZag0027.tif,0,512,128,640,0.5,4.525919563459984,19.421030741410487,4.180593684025993,0.02920373898249517,0.8435350544583702,8.896693968162122
5,060525-JPB-MEB-EIHNValves-Ech1-ZigZag20002.tif,768,384,896,512,0.5,4.55264857881137,18.961617039773962,4.055137733603418,0.02932495303418103,0.8016668790578401,6.100802556187672
389,310120-pat18-WholeMount-24.tif,1152,128,1280,256,0.5,4.601386692616471,19.43158436213992,4.114321535401086,0.04497534022935648,0.7622384653298339,21.490337397494766
29,060525-JPB-MEB-EIHNValves-Ech1-ZigZag20066.tif,640,512,768,640,0.5,4.66779458598726,15.553370973098637,3.2249428923648273,0.02856047018213028,0.9501676113882065,9.393552364932447
296,070525-JPB-MEB-EIHNValves-Ech5-ZigZag0027.tif,512,128,640,256,0.5,4.708688946015424,19.12942672214518,3.956393581255719,0.027366849135479838,0.7391301323235,10.528485820443459
392,310120-pat18-WholeMount-24.tif,1024,256,1152,384,0.5,4.804118474523286,18.74805555555555,3.7984191381471515,0.0389782736169371,0.7719887971871695,12.679355057438
305,070525-JPB-MEB-EIHNValves-Ech5-ZigZag0027.tif,640,384,768,512,0.5,4.910900538550686,18.3828379847771,3.6414579860447995,0.030850603127058167,0.9379679380007403,11.730152063607699
32,060525-JPB-MEB-EIHNValves-Ech1-ZigZag20066.tif,256,640,384,768,0.5,4.993939085260265,18.374920259893685,3.5793228460979742,0.02923765512552389,0.8321077720608893,17.06917739647004
327,070525-JPB-MEB-EIHNValves-Ech6-ZigZag0014.tif,1024,0,1152,128,0.5,4.998702983138782,19.499502951227072,3.800886553034787,0.031713398880186136,0.8150890307638428,17.607094787060365
303,070525-JPB-MEB-EIHNValves-Ech5-ZigZag0027.tif,896,256,1024,384,0.5,5.075018754688672,17.588311933534747,3.367142617502117,0.02803794354915328,0.8002407394839288,13.298082379656591
401,310120-pat18-WholeMount-24.tif,640,512,768,640,0.5,5.121690427698576,18.39560353287538,3.4940814532823574,0.04981467052019532,0.7678685368249297,16.60910783088098
64,060525-JPB-MEB-EIHNValves-Ech2-ZigZag0042.tif,1024,256,1152,384,0.5,5.134559884559885,19.785120892746445,3.7559442924677255,0.02882157538128428,0.759321922495043,12.551750022240535
33,060525-JPB-MEB-EIHNValves-Ech1-ZigZag20066.tif,384,640,512,768,0.5,5.137443224829676,17.589982110912352,3.326553961378122,0.029157418671259244,0.7781026840920322,17.177553939413855
322,070525-JPB-MEB-EIHNValves-Ech6-ZigZag0014.tif,384,0,512,128,0.5,5.142338534893802,20.710558188520274,3.9302270846969156,0.035143296882782386,0.6674079783222819,15.369328971554161
48,060525-JPB-MEB-EIHNValves-Ech2-ZigZag0042.tif,256,128,384,256,0.5,5.1583984901590725,19.91684112584322,3.7641219775644847,0.029009122556029703,0.7632570860572278,16.191735082653242
291,070525-JPB-MEB-EIHNValves-Ech4-ZigZag0019.tif,384,512,512,640,0.5,5.171265514184396,20.23231401186672,3.815761143523273,0.04151495042460598,0.7546244464955271,12.575703226502574
402,310120-pat18-WholeMount-24.tif,768,512,896,640,0.5,5.180339013778101,18.465354958787557,3.4679882747065904,0.04711624970578466,0.8302595363117481,17.017706619240798
324,070525-JPB-MEB-EIHNValves-Ech6-ZigZag0014.tif,640,0,768,128,0.5,5.198950802327632,18.612537884830118,3.483883301361675,0.03178104191039338,0.7791815210481897,17.45287860322478
21,060525-JPB-MEB-EIHNValves-Ech1-ZigZag20033.tif,896,512,1024,640,0.5,5.230473186119875,20.58299286241693,3.839613003984274,0.026097407265843982,0.7151764380166867,24.680113795681198
80,060525-JPB-MEB-EIHNValves-Ech3-ZigZag0061.tif,384,512,512,640,0.5,5.291621002291519,18.378393501805053,3.3786232033743295,0.028201227993261392,0.7898927868800376,10.946320598283588
31,060525-JPB-MEB-EIHNValves-Ech1-ZigZag20066.tif,896,512,1024,640,0.5,5.317576745449605,19.921987133666903,3.65241313165566,0.029247080767825215,0.7108780574974611,9.981310658488542
23,060525-JPB-MEB-EIHNValves-Ech1-ZigZag20066.tif,256,384,384,512,0.5,5.350539568345326,19.103932130352817,3.477019820658228,0.02994856665505027,0.6806279027090307,17.12161668877036
307,070525-JPB-MEB-EIHNValves-Ech5-ZigZag0027.tif,896,384,1024,512,0.5,5.368323746918653,19.589818401937052,3.556011019807506,0.029695890406272078,0.744354394063968,11.849998011266967
65,060525-JPB-MEB-EIHNValves-Ech2-ZigZag0042.tif,1152,256,1280,384,0.5,5.436285335689047,19.617837690631816,3.5167097586147285,0.029018402609436222,0.750165631560019,14.844873861507196
333,070525-JPB-MEB-EIHNValves-Ech6-ZigZag0103.tif,256,0,384,128,0.5,5.446184941889842,17.412617079889817,3.105406309250506,0.03836861731207417,0.8339196089042649,16.822098020083814
338,070525-JPB-MEB-EIHNValves-Ech6-ZigZag0103.tif,128,384,256,512,0.5,5.45907267053054,18.59072447859496,3.3138823332126135,0.03191511024484176,0.8388926291586211,18.284221965840953
341,070525-JPB-MEB-EIHNValves-Ech6-ZigZag0103.tif,0,512,128,640,0.5,5.4837083333333325,18.40246275828929,3.2646635579553296,0.029960154556388594,0.7800971493213554,16.654884926573928
316,070525-JPB-MEB-EIHNValves-Ech5-ZigZag0027.tif,1024,512,1152,640,0.5,5.4842585249801745,18.337185868641495,3.252433448823599,0.030407590347019977,0.6795700446826187,12.906226921147502
311,070525-JPB-MEB-EIHNValves-Ech5-ZigZag0027.tif,256,512,384,640,0.5,5.513050118006386,18.979920968140277,3.352032100666434,0.02928050082220235,0.6982208031434355,14.654418405880252
54,060525-JPB-MEB-EIHNValves-Ech2-ZigZag0042.tif,1024,128,1152,256,0.5,5.519703845235254,19.269299913569583,3.4004179281777427,0.029236911342739015,0.696229409641222,11.206759917896022
323,070525-JPB-MEB-EIHNValves-Ech6-ZigZag0014.tif,512,0,640,128,0.5,5.529578246392896,19.578021978021994,3.4501766912272447,0.034328866934000474,0.7009863316904621,12.056161830509497
339,070525-JPB-MEB-EIHNValves-Ech6-ZigZag0103.tif,256,384,384,512,0.5,5.551345542889182,20.293516841724017,3.5655350020641188,0.035264949264895894,0.7643403270948237,20.333870249515808
404,310120-pat18-WholeMount-24.tif,512,640,640,768,0.5,5.6313997181775495,20.343981481481514,3.5238097941134043,0.048506148304923044,0.6347930422047414,11.399672482516543
397,310120-pat18-WholeMount-24.tif,384,384,512,512,0.5,5.659035557720409,20.46449704142013,3.5278974372555973,0.05412378113620402,0.6640798763026429,16.134796057121633
299,070525-JPB-MEB-EIHNValves-Ech5-ZigZag0027.tif,896,128,1024,256,0.5,5.660490463215257,21.072578710644684,3.634416283241842,0.02805857078530214,0.5802487157011564,23.044904998943178
329,070525-JPB-MEB-EIHNValves-Ech6-ZigZag0014.tif,0,128,128,256,0.5,5.667192251379659,21.40277953253316,3.6883837013724823,0.030377508472523327,0.6801687847591734,20.11341475423741
49,060525-JPB-MEB-EIHNValves-Ech2-ZigZag0042.tif,384,128,512,256,0.5,5.683634236041455,21.558938329430134,3.7051888729731646,0.029051553858493454,0.60893728437797,14.18239611969715
300,070525-JPB-MEB-EIHNValves-Ech5-ZigZag0027.tif,512,256,640,384,0.5,5.686366479049404,18.81268954509178,3.220455384393925,0.027969803189075076,0.7178332828178946,11.659464267504264
396,310120-pat18-WholeMount-24.tif,256,384,384,512,0.5,5.700332156944157,20.87832025573961,3.574935581765125,0.040452613466732,0.6811645775620377,12.190396788709407
334,070525-JPB-MEB-EIHNValves-Ech6-ZigZag0103.tif,384,0,512,128,0.5,5.705426356589148,18.3131970775918,3.122150031262693,0.03914222280984016,0.7409563475081866,10.318840424153302
304,070525-JPB-MEB-EIHNValves-Ech5-ZigZag0027.tif,512,384,640,512,0.5,5.729396722073698,19.776062581486325,3.364414006665181,0.029500623838380043,0.6323996622931305,11.668055269203435
386,310120-pat18-WholeMount-24.tif,1024,0,1152,128,0.5,5.840771836794815,21.39176276771005,3.576883903613435,0.04954511576817105,0.6148238892730788,12.621982877122274
136,060722-Nabila-JP-Valves-WholeMount-SAureus-pat02-28.tif,1152,128,1280,256,0.5,5.8640325942770515,18.963716814159287,3.1486381627855855,0.021957069642371943,0.6309370671188548,7.329126997159554
292,070525-JPB-MEB-EIHNValves-Ech4-ZigZag0019.tif,512,512,640,640,0.5,5.866952789699571,18.994307620817846,3.1522850589982134,0.04289794202798541,0.6646407406033029,12.04305874583335
398,310120-pat18-WholeMount-24.tif,512,384,640,512,0.5,5.893354507696067,21.91520258157045,3.6337882870620755,0.05271194410737527,0.6798914873325105,20.638138340074974
97,060722-Nabila-JP-Valves-WholeMount-SAureus-pat02-28.tif,896,128,1024,256,0.5,5.915153516011888,18.05470142602498,2.967750774093299,0.02207156112468397,0.670856055601164,17.66045128454167
89,060722-Nabila-JP-Valves-WholeMount-SAureus-pat02-28.tif,1024,0,1152,128,0.5,5.975566452485626,18.06808059384941,2.9399858128164076,0.02226202253505622,0.7402366073740788,9.93701390136167
302,070525-JPB-MEB-EIHNValves-Ech5-ZigZag0027.tif,768,256,896,384,0.5,6.097259193532488,21.080989026649572,3.3754492589851406,0.028089887640449437,0.7154577644588624,12.797002127415343
314,070525-JPB-MEB-EIHNValves-Ech5-ZigZag0027.tif,640,512,768,640,0.5,6.112104458299026,21.747420675537363,3.476285593693933,0.030288731203091196,0.5674369554878478,12.117075048302395
27,060525-JPB-MEB-EIHNValves-Ech1-ZigZag20066.tif,384,512,512,640,0.5,6.1229694323144095,20.87782453868567,3.3280950956802497,0.030052635249440466,0.7214932615651193,19.840358224147888
98,060722-Nabila-JP-Valves-WholeMount-SAureus-pat02-28.tif,1024,128,1152,256,0.5,6.1657986111111125,21.29977416440832,3.3734112117976034,0.021988457773365385,0.571561998488023,6.509717089863796
4,060525-JPB-MEB-EIHNValves-Ech1-ZigZag20002.tif,640,384,768,512,0.5,6.200267566309913,20.627556512378906,3.246239988374859,0.02920882127448475,0.6325020597487891,5.832650133269882
399,310120-pat18-WholeMount-24.tif,640,384,768,512,0.5,6.220034670629022,19.987452646079674,3.1330135084454347,0.040724431177839776,0.5391127660421587,18.157472146568267
17,060525-JPB-MEB-EIHNValves-Ech1-ZigZag20033.tif,512,128,640,256,0.5,6.234166558735915,19.215076841547436,3.002017457381222,0.032157116285209925,0.6366482210754943,10.197037987834173
295,070525-JPB-MEB-EIHNValves-Ech5-ZigZag0003.tif,768,640,896,768,0.5,6.2488672482586045,19.992928306309807,3.119433896078041,0.03450828213143617,0.6809890424756989,10.959135601446354
274,060722-Nabila-JP-Valves-WholeMount-SAureus-pat04-2-15.tif,1152,384,1280,512,0.5,6.258843830888699,18.15095232728503,2.8201618069097525,0.026378002937689424,0.7337776213647315,13.858058647595966
390,310120-pat18-WholeMount-24.tif,0,256,128,384,0.5,6.270700636942678,20.08205649717514,3.122786053891819,0.04051412473123403,0.5390569761219465,20.807019262038608
125,060722-Nabila-JP-Valves-WholeMount-SAureus-pat02-28.tif,896,512,1024,640,0.5,6.3030134406300835,18.068788426763113,2.787363313159434,0.020227373237963333,0.6827967485609998,11.834307115614205
24,060525-JPB-MEB-EIHNValves-Ech1-ZigZag20066.tif,384,384,512,512,0.5,6.321545577182501,19.60193084867536,3.0217184413924683,0.02753061810597878,0.5075324539539317,25.770484578744
391,310120-pat18-WholeMount-24.tif,896,256,1024,384,0.5,6.342483026188165,21.12310388782663,3.2515820385602394,0.04790739736495064,0.6428072725834677,17.128033640784377
336,070525-JPB-MEB-EIHNValves-Ech6-ZigZag0103.tif,512,256,640,384,0.5,6.344661024194235,20.478023546200493,3.1487928937444973,0.03529934869173367,0.6319671893419854,15.475469058605205
315,070525-JPB-MEB-EIHNValves-Ech5-ZigZag0027.tif,896,512,1024,640,0.5,6.381825334382375,21.315666764218133,3.261710509698969,0.03262569416631005,0.5680936202543868,15.885286846307897
301,070525-JPB-MEB-EIHNValves-Ech5-ZigZag0027.tif,640,256,768,384,0.5,6.438395152405434,21.69927542065856,3.2926334775737316,0.028596292501491604,0.6065414613584146,11.751170302855913
50,060525-JPB-MEB-EIHNValves-Ech2-ZigZag0042.tif,512,128,640,256,0.5,6.465887228059791,20.465996393146977,3.0878974050925634,0.02800189258727319,0.4933670039211848,13.251227066598236
330,070525-JPB-MEB-EIHNValves-Ech6-ZigZag0014.tif,128,128,256,256,0.5,6.4721137006601115,19.831221719457012,2.9868482869028337,0.03376208493792583,0.5626542423039608,12.513752772279775
298,070525-JPB-MEB-EIHNValves-Ech5-ZigZag0027.tif,768,128,896,256,0.5,6.47481364355094,21.765810090880606,3.2843895224786634,0.02744826790610742,0.564932198814846,20.89950402354856
59,060525-JPB-MEB-EIHNValves-Ech2-ZigZag0042.tif,384,256,512,384,0.5,6.492167919799497,21.207483510908162,3.1896099679978223,0.029056867193537932,0.5471894960941186,14.644658423660411
403,310120-pat18-WholeMount-24.tif,896,512,1024,640,0.5,6.500808156160633,20.965136279439005,3.148091096957656,0.04300378249679828,0.4704262254101532,12.147371553070236
0,060525-JPB-MEB-EIHNValves-Ech1-ZigZag20002.tif,640,256,768,384,0.5,6.511310945623156,20.69494872768704,3.1015180961772226,0.030246327758376736,0.5481371443895835,7.596356493774405
297,070525-JPB-MEB-EIHNValves-Ech5-ZigZag0027.tif,640,128,768,256,0.5,6.514233506443547,20.136059301769492,3.0143315068989325,0.027032069331543722,0.5711826945117324,8.649555313035464
312,070525-JPB-MEB-EIHNValves-Ech5-ZigZag0027.tif,384,512,512,640,0.5,6.520299908191372,21.25216881594374,3.182701579397145,0.031051288536572467,0.6224678772607272,16.623864332176204
331,070525-JPB-MEB-EIHNValves-Ech6-ZigZag0100.tif,896,0,1024,128,0.5,6.526551609691334,19.304802134281893,2.881276860870674,0.02957132610176455,0.6365754920833163,16.419617520299138
26,060525-JPB-MEB-EIHNValves-Ech1-ZigZag20066.tif,640,384,768,512,0.5,6.558931599773883,19.412773423792256,2.883514355363039,0.026707714827384543,0.6086778072388306,9.64782366247881
40,060525-JPB-MEB-EIHNValves-Ech2-ZigZag0042.tif,512,0,640,128,0.5,6.573806465424959,21.718325691465747,3.227707691588408,0.030702378843273367,0.5739721034140263,12.575348968141812
308,070525-JPB-MEB-EIHNValves-Ech5-ZigZag0027.tif,1024,384,1152,512,0.5,6.5820090532601325,20.089265905383346,2.976183373020521,0.031359344354019845,0.6081294089819869,26.230873898681388
335,070525-JPB-MEB-EIHNValves-Ech6-ZigZag0103.tif,384,256,512,384,0.5,6.583527946442471,20.01970729751404,2.9649311822336633,0.038685340340780285,0.5482594252232297,15.476880820792825
373,070722-Nabila-JP-Valves-WholeMount-SAureus-pat10-00.tif,896,256,1024,384,0.5,6.633645693886655,17.397068861674352,2.5471768679545432,0.02444882342713449,0.6048468296443837,13.831658574049866
257,060722-Nabila-JP-Valves-WholeMount-SAureus-pat04-2-15.tif,0,128,128,256,0.5,6.672171555336455,20.31469960353766,2.9697527168182165,0.021726376856857584,0.5749349482140872,38.434110828900785
395,310120-pat18-WholeMount-24.tif,128,384,256,512,0.5,6.703763085919081,21.052093659203564,3.0657547702382573,0.041130694053742416,0.5392118034125419,14.454908555274162
69,060525-JPB-MEB-EIHNValves-Ech2-ZigZag0042.tif,1152,512,1280,640,0.5,6.713400417229107,21.07826407671502,3.0652520031284687,0.02893922513539442,0.6161544403256358,11.11452573820834
28,060525-JPB-MEB-EIHNValves-Ech1-ZigZag20066.tif,512,512,640,640,0.5,6.734914841849147,21.15514719327117,3.066875777689873,0.026122864141458275,0.5299993285967122,9.72330144712385
377,070722-Nabila-JP-Valves-WholeMount-SAureus-pat10-00.tif,0,640,128,768,0.5,6.747415506958248,18.941335121442407,2.733096116939122,0.025014428383486574,0.5403983215325596,21.540105240227238
6,060525-JPB-MEB-EIHNValves-Ech1-ZigZag20002.tif,256,512,384,640,0.5,6.752245113576333,18.261361274679597,2.6304378730221,0.028669159838198257,0.608937190082334,9.253568503640054
318,070525-JPB-MEB-EIHNValves-Ech5-ZigZag0027.tif,768,512,896,640,0.5,6.792061611374407,20.271115718543474,2.9109152492718176,0.032493351615793524,0.4950316201148363,11.853348679120382
96,060722-Nabila-JP-Valves-WholeMount-SAureus-pat02-28.tif,768,128,896,256,0.7589352161053335,6.857876036320571,19.02294736842105,2.663217015820373,0.02179832034318168,0.5551043896361793,13.885096219798607
313,070525-JPB-MEB-EIHNValves-Ech5-ZigZag0027.tif,512,512,640,640,0.5,6.891296769695561,20.809502503462237,2.947123477945858,0.032226893197852775,0.5165770408078915,11.133792914336446
384,310120-pat18-WholeMount-24.tif,768,0,896,128,0.5,6.930093151630151,20.898737727910223,2.943501231742011,0.046235093453608614,0.5692726049298333,14.127212932871014
375,070722-Nabila-JP-Valves-WholeMount-SAureus-pat10-00.tif,512,384,640,512,0.5,6.942862025749115,19.063595228301104,2.673766979590545,0.021896008858235637,0.5958672186023773,18.503682417237517
251,060722-Nabila-JP-Valves-WholeMount-SAureus-pat04-1-37.tif,0,640,128,768,0.5,6.974958609271523,19.658501358501358,2.7467548456896584,0.025328854365373375,0.5081586404714917,20.486220869135792
13,060525-JPB-MEB-EIHNValves-Ech1-ZigZag20033.tif,512,0,640,128,0.5,6.981189375396607,19.850286922379933,2.7717751061982367,0.02983254374032553,0.6552516610569571,14.511184958656104
9,060525-JPB-MEB-EIHNValves-Ech1-ZigZag20002.tif,128,640,256,768,0.5,6.983889123399466,19.008022388059707,2.6501025518931454,0.029975813200896942,0.5363936478090952,9.819580032410471
306,070525-JPB-MEB-EIHNValves-Ech5-ZigZag0027.tif,768,384,896,512,0.5,6.9872590386365525,20.498605817452365,2.8621532001130388,0.03178755399885349,0.5659083942645021,11.038951268314014
117,060722-Nabila-JP-Valves-WholeMount-SAureus-pat02-28.tif,1024,384,1152,512,0.5,6.994569109572689,19.629979072200904,2.734976061072844,0.020260947890054806,0.5557055039975742,10.797137625566856
3,060525-JPB-MEB-EIHNValves-Ech1-ZigZag20002.tif,512,384,640,512,0.5,6.996469379894722,20.468275549512807,2.8540503024131403,0.030466061669844526,0.5354414630917733,12.302181440252772
12,060525-JPB-MEB-EIHNValves-Ech1-ZigZag20002.tif,640,640,768,768,0.5,7.003784092531771,19.46677673355346,2.7080755892772292,0.028051518088881153,0.47824063802466876,7.850008689327351
379,070722-Nabila-JP-Valves-WholeMount-SAureus-pat10-00.tif,384,640,512,768,0.5,7.078607196925586,20.67143048307239,2.849632692125273,0.0222778657589728,0.5408174873562072,19.755677059820133
100,060722-Nabila-JP-Valves-WholeMount-SAureus-pat02-28.tif,128,256,256,384,0.8622029717860795,7.0902541640251275,19.306382596188413,2.601342518577867,0.018999064911187646,0.67257723433191,16.210979411519116
37,060525-JPB-MEB-EIHNValves-Ech2-ZigZag0042.tif,128,0,256,128,0.5,7.0930356598598,21.27411019849419,2.9288038570082144,0.02950322688517944,0.5688525952490274,15.709104822667681
285,060722-Nabila-JP-Valves-WholeMount-SAureus-pat04-2-15.tif,640,640,768,768,0.6630659480025365,7.099994337806464,18.743106497062346,2.5464866151774452,0.036476740800465854,0.47699244647228395,13.782488561840353
217,060722-Nabila-JP-Valves-WholeMount-SAureus-pat04-1-27.tif,128,640,256,768,0.662483212753975,7.162414852410846,19.197906403940895,2.5878734439611457,0.022892466109697713,0.5681187232677107,39.585046195209785
127,060722-Nabila-JP-Valves-WholeMount-SAureus-pat02-28.tif,1152,512,1280,640,0.5,7.209389281262984,19.40375782881003,2.6221025237103515,0.013908170764167555,0.48510050645568387,17.347761270677186
252,060722-Nabila-JP-Valves-WholeMount-SAureus-pat04-1-37.tif,128,640,256,768,0.5,7.2312931431201095,19.56965585296657,2.6371017569809823,0.023873065697510656,0.5166979287488667,26.949671820699688
115,060722-Nabila-JP-Valves-WholeMount-SAureus-pat02-28.tif,768,384,896,512,0.912829448921804,7.25082146768894,19.677556109725717,2.5879449307120796,0.019702523807278313,0.5832691976649977,14.429689117038102
58,060525-JPB-MEB-EIHNValves-Ech2-ZigZag0042.tif,256,256,384,384,0.5,7.253924086757994,20.209788152216568,2.717120818536921,0.028829320321694784,0.4447293596681958,14.384526819343286
53,060525-JPB-MEB-EIHNValves-Ech2-ZigZag0042.tif,896,128,1024,256,0.5,7.272189349112424,20.185792983473462,2.706996756881217,0.029686254108403507,0.4413220983799543,12.995211232763047
71,060525-JPB-MEB-EIHNValves-Ech2-ZigZag0042.tif,128,640,256,768,0.5,7.277126499454742,20.960050505050507,2.8115562518507176,0.02647426962721752,0.5387913044402142,8.333608045992198
107,060722-Nabila-JP-Valves-WholeMount-SAureus-pat02-28.tif,1024,256,1152,384,0.5,7.278381374722837,20.444633730834763,2.7402567554512434,0.02075246894959404,0.4664241918920986,16.872240901379836
378,070722-Nabila-JP-Valves-WholeMount-SAureus-pat10-00.tif,128,640,256,768,0.5,7.285650623885917,20.514833215046128,2.7471579750788133,0.023847676450753228,0.5801220518516459,22.358958161715126
74,060525-JPB-MEB-EIHNValves-Ech2-ZigZag0042.tif,512,640,640,768,0.5,7.303792619078025,19.37041403508772,2.5836459246935433,0.027524504758436128,0.501162957371727,15.939270038929823
283,060722-Nabila-JP-Valves-WholeMount-SAureus-pat04-2-15.tif,128,640,256,768,0.5875902389425521,7.309651575844608,20.734867002156726,2.7562567865467944,0.029370201293330817,0.582990876365326,14.64788897847929
383,310120-pat18-WholeMount-24.tif,512,0,640,128,0.5,7.342628794848205,20.44183230222456,2.715898196599059,0.050993954066440535,0.5181621941937417,13.651984275265615
355,070722-Nabila-JP-Valves-WholeMount-SAureus-pat08-20.tif,0,512,128,640,0.5,7.354807549412986,19.53615728900256,2.5882604216505847,0.015091127653378928,0.48324235029675033,15.026004318935207
14,060525-JPB-MEB-EIHNValves-Ech1-ZigZag20033.tif,640,0,768,128,0.5,7.387740453631925,21.323136033229495,2.8186068749874025,0.030607597505056296,0.5343416048463311,8.62387559457542
42,060525-JPB-MEB-EIHNValves-Ech2-ZigZag0042.tif,768,0,896,128,0.5,7.404065754799851,20.68547098126556,2.726268465157792,0.030827817212934674,0.5127862524300204,10.896692343930805
73,060525-JPB-MEB-EIHNValves-Ech2-ZigZag0042.tif,384,640,512,768,0.5,7.412162162162164,21.132244648318046,2.7835662788979674,0.026378130116139806,0.4513872089878306,8.44386525770764
276,060722-Nabila-JP-Valves-WholeMount-SAureus-pat04-2-15.tif,384,512,512,640,0.760281390084772,7.416923635044441,19.57893251218885,2.537258309252003,0.03453325509605327,0.6269880853288221,24.238475099705983
367,070722-Nabila-JP-Valves-WholeMount-SAureus-pat10-00.tif,0,0,128,128,0.502015204537227,7.427387823496558,21.321402214022143,2.80305640478645,0.016734196411121324,0.567074967726914,16.365635385413494
385,310120-pat18-WholeMount-24.tif,896,0,1024,128,0.5,7.437991870621809,20.294329037149353,2.6612463930394923,0.048383266295100494,0.4826720067672647,11.426530664108288
317,070525-JPB-MEB-EIHNValves-Ech5-ZigZag0027.tif,512,640,640,768,0.5,7.500231910946194,19.491281682545388,2.5320925950074438,0.026021640026031505,0.40564388086126846,16.03408800335077
156,060722-Nabila-JP-Valves-WholeMount-SAureus-pat04-1-22.tif,384,384,512,512,0.6925459825750246,7.505631712215143,17.626853901494194,2.2562135431397734,0.029416493593295515,0.5571737381725881,23.39189095820373
247,060722-Nabila-JP-Valves-WholeMount-SAureus-pat04-1-37.tif,128,512,256,640,0.7198534479631443,7.526900190172382,19.881453481282772,2.5457491861441555,0.024814061287052193,0.6326455113125989,20.910928392326344
374,070722-Nabila-JP-Valves-WholeMount-SAureus-pat10-00.tif,384,384,512,512,0.5,7.529926079008029,19.45202040015693,2.516893287039229,0.021879444542796323,0.4818827419000413,24.34557320490882
238,060722-Nabila-JP-Valves-WholeMount-SAureus-pat04-1-37.tif,128,256,256,384,0.5,7.538315010340698,18.802778460781905,2.4279667851071536,0.02977319291434798,0.47512102077738044,8.774885647242945
232,060722-Nabila-JP-Valves-WholeMount-SAureus-pat04-1-37.tif,1152,0,1280,128,0.7581868864380076,7.5458276333789325,20.682877487189728,2.6404910857776485,0.02229668574937855,0.5718387826428079,12.302470876309789
332,070525-JPB-MEB-EIHNValves-Ech6-ZigZag0100.tif,640,256,768,384,0.5,7.572697595580388,20.71543544337254,2.669515742338736,0.028286173371296595,0.49562058928616703,12.422623271717239
226,060722-Nabila-JP-Valves-WholeMount-SAureus-pat04-1-27.tif,1024,256,1152,384,0.6836931207452528,7.594746334652081,18.8695945945946,2.3945370487061104,0.02627147645844213,0.46518915731821686,28.64335510027262
66,060525-JPB-MEB-EIHNValves-Ech2-ZigZag0042.tif,768,512,896,640,0.5,7.599138571216396,20.063378803777532,2.574420589970373,0.028555990392633936,0.42223330278743465,9.17166269676464
284,060722-Nabila-JP-Valves-WholeMount-SAureus-pat04-2-15.tif,512,640,640,768,0.8760013072370092,7.626184032476317,18.75717178376342,2.3447074448215455,0.031912444046356,0.44299506635710023,14.637103028110383
279,060722-Nabila-JP-Valves-WholeMount-SAureus-pat04-2-15.tif,896,512,1024,640,0.6472790847676275,7.631714263112095,20.857077668094618,2.6481335498907614,0.03300126820951493,0.4328200500248642,21.217714214185236
25,060525-JPB-MEB-EIHNValves-Ech1-ZigZag20066.tif,512,384,640,512,0.5,7.634539904055821,20.153891670459707,2.5743387181745754,0.025170352752550584,0.4656523929395681,15.047105335837493
41,060525-JPB-MEB-EIHNValves-Ech2-ZigZag0042.tif,640,0,768,128,0.5,7.637833613849484,20.404091494845364,2.6059865272207285,0.029825725582407384,0.43614028052786985,9.334646822882993
46,060525-JPB-MEB-EIHNValves-Ech2-ZigZag0042.tif,0,128,128,256,0.5,7.639687194525903,21.36616860357867,2.731285728364637,0.027199075080695613,0.46143229480286924,12.313087123672744
370,070722-Nabila-JP-Valves-WholeMount-SAureus-pat10-00.tif,640,128,768,256,0.5083238364407167,7.650961538461539,21.51831346775092,2.746058717677845,0.023746184038377673,0.5415453800546177,14.152971656509354
387,310120-pat18-WholeMount-24.tif,128,128,256,256,0.5,7.683337511489931,20.942909230474015,2.6606808824814703,0.04054165083039217,0.3966725457842043,15.529505552915168
185,060722-Nabila-JP-Valves-WholeMount-SAureus-pat04-1-27.tif,1024,128,1152,256,0.7444928464659405,7.702636266476666,20.272659323367428,2.535257514611169,0.02716983956418769,0.5240952834828064,21.788065365037042
70,060525-JPB-MEB-EIHNValves-Ech2-ZigZag0042.tif,0,640,128,768,0.5,7.728218575537134,22.160420400847322,2.8027701583662648,0.026958553482159604,0.3567011814327835,18.152406436277523
72,060525-JPB-MEB-EIHNValves-Ech2-ZigZag0042.tif,256,640,384,768,0.5,7.735624040618727,19.99416775884666,2.5200510852757834,0.02681366364701546,0.4698182199830282,13.409676430588451
287,060722-Nabila-JP-Valves-WholeMount-SAureus-pat04-2-15.tif,896,640,1024,768,0.6704946066824522,7.7506967316949575,18.97070000896299,2.3611045607610253,0.03139238484358897,0.47661446718407574,12.735509697261644
204,060722-Nabila-JP-Valves-WholeMount-SAureus-pat04-1-27.tif,1024,384,1152,512,0.5,7.75188398177357,21.25370677831517,2.6772468250443144,0.024495159158685272,0.4856845082355991,35.602280200808536
337,070525-JPB-MEB-EIHNValves-Ech6-ZigZag0103.tif,640,256,768,384,0.5,7.755237084217976,19.215425725737877,2.4132628728816106,0.027793031787087148,0.5055216352146732,15.878675604126979
77,060525-JPB-MEB-EIHNValves-Ech2-ZigZag0042.tif,896,640,1024,768,0.5,7.794977924944817,19.883604264988637,2.4866785322071148,0.027674241970841878,0.4121630683302849,9.279523661440997
408,A-ZIgZag-pat04-X4000-10014.tif,1152,256,1280,384,0.5,7.811223357015984,20.544990820875952,2.566178165020936,0.03929969825998746,0.42109705288674465,19.440919035696318
63,060525-JPB-MEB-EIHNValves-Ech2-ZigZag0042.tif,896,256,1024,384,0.5,7.815192123615476,19.32265744448489,2.408470213752995,0.02959115277511557,0.3498106366293232,8.921001337269104
368,070722-Nabila-JP-Valves-WholeMount-SAureus-pat10-00.tif,1152,0,1280,128,0.5345264391651264,7.818715341959334,21.960005985634474,2.740281313413339,0.02273305346878569,0.4318609461267655,10.760335676036
277,060722-Nabila-JP-Valves-WholeMount-SAureus-pat04-2-15.tif,640,512,768,640,0.9619630599391409,7.841684100418409,19.22059832578565,2.3284073971906474,0.03148238407855075,0.5413628318732536,16.113626533161163
260,060722-Nabila-JP-Valves-WholeMount-SAureus-pat04-2-15.tif,640,128,768,256,0.5594064122719259,7.842181574838276,20.291793556659712,2.516185956175685,0.026203303810085333,0.43680412772018484,34.79770098301346
43,060525-JPB-MEB-EIHNValves-Ech2-ZigZag0042.tif,896,0,1024,128,0.5,7.851515889443562,21.015593412833613,2.612946812018431,0.02996175643422964,0.3391605493567472,10.988418662150792
198,060722-Nabila-JP-Valves-WholeMount-SAureus-pat04-1-27.tif,256,384,384,512,0.942788424536289,7.879508159254011,21.32386097895331,2.5865919728099613,0.02788895135216697,0.4983951974893243,22.538949831196703
282,060722-Nabila-JP-Valves-WholeMount-SAureus-pat04-2-15.tif,0,640,128,768,0.658989662810731,7.883353960396039,18.98802469135802,2.3250300723052257,0.02445695064198457,0.4325092408360438,25.898118699745385
249,060722-Nabila-JP-Valves-WholeMount-SAureus-pat04-1-37.tif,384,512,512,640,0.8838731988472626,7.8973381224168495,19.393034011669275,2.343721457269654,0.025096678448135682,0.4738452072606508,21.208165748142672
174,060722-Nabila-JP-Valves-WholeMount-SAureus-pat04-1-27.tif,896,0,1024,128,0.8764443667511583,7.941224308738725,18.587434715821818,2.230259423547706,0.02331938580020397,0.573000348432345,22.8604721658672
1,060525-JPB-MEB-EIHNValves-Ech1-ZigZag20002.tif,1024,256,1152,384,0.5,7.96126575630252,19.021510183805262,2.326452947402584,0.027444997962020552,0.3875066565759886,8.174927863105706
244,060722-Nabila-JP-Valves-WholeMount-SAureus-pat04-1-37.tif,640,384,768,512,1.0741048241126938,7.966631130063965,19.070996556177366,2.2590341435728267,0.024116324992317667,0.5668194845771084,15.668878046130914
151,060722-Nabila-JP-Valves-WholeMount-SAureus-pat04-1-22.tif,768,256,896,384,1.0743319689095345,7.979859945598704,19.23132665061321,2.275352550732194,0.03415340877220433,0.3603982332912217,27.269366302231802
256,060722-Nabila-JP-Valves-WholeMount-SAureus-pat04-2-15.tif,1152,0,1280,128,0.5646415552855408,7.986961888597438,21.182242314647375,2.581407179217481,0.016397010290169073,0.4737927769521972,21.180531604818228
87,060722-Nabila-JP-Valves-WholeMount-SAureus-pat02-28.tif,768,0,896,128,0.9351721894316123,7.987783477321814,18.79336297237219,2.23568788934276,0.021053288146869867,0.4274187708635219,14.031157235086365
38,060525-JPB-MEB-EIHNValves-Ech2-ZigZag0042.tif,256,0,384,128,0.5,8.020049504950494,20.07684402831697,2.4409879285948137,0.030405414224739927,0.30606866639995334,19.73221339954153
264,060722-Nabila-JP-Valves-WholeMount-SAureus-pat04-2-15.tif,128,256,256,384,0.7309250565119112,8.025641917751027,19.685503024871167,2.3617522638825594,0.025575127471007382,0.40153037345927184,13.580719413522186
39,060525-JPB-MEB-EIHNValves-Ech2-ZigZag0042.tif,384,0,512,128,0.5,8.058372570324764,20.98138622493461,2.541628107436733,0.030779992268343215,0.46155008251873414,12.145933729615482
124,060722-Nabila-JP-Valves-WholeMount-SAureus-pat02-28.tif,768,512,896,640,0.7589965610415135,8.060781554449017,19.777559055118125,2.3593943547049263,0.018589479312934722,0.4011523385882062,13.946119440063729
263,060722-Nabila-JP-Valves-WholeMount-SAureus-pat04-2-15.tif,0,256,128,384,0.5171563924202446,8.063643666874942,21.580113544201136,2.6120892765024455,0.024312040611935048,0.4361912722160528,19.702380704018832
346,070722-Nabila-JP-Valves-WholeMount-SAureus-pat08-20.tif,0,128,128,256,0.511786910772425,8.065003444542862,18.609952885747937,2.244036980197638,0.017939538330938278,0.3855452627767775,20.322850585375388
149,060722-Nabila-JP-Valves-WholeMount-SAureus-pat04-1-22.tif,512,256,640,384,0.9960006556302246,8.098987876765651,19.3993141062722,2.2722979378000225,0.031035538411748755,0.4986436972414672,20.37446874519424
348,070722-Nabila-JP-Valves-WholeMount-SAureus-pat08-20.tif,1024,128,1152,256,0.5,8.099258376373989,18.865989847715735,2.2676137732919353,0.013568592838931004,0.37652063840111194,20.320996869144352
178,060722-Nabila-JP-Valves-WholeMount-SAureus-pat04-1-27.tif,128,128,256,256,1.1598158002456,8.111671375787873,21.3486690239509,2.4888647836457,0.025223446730595546,0.4486020513727555,29.797237823859824
205,060722-Nabila-JP-Valves-WholeMount-SAureus-pat04-1-27.tif,1152,384,1280,512,0.5,8.141814998541,19.69111934094173,2.357105798201107,0.0223852854751368,0.3491409716642899,43.00644159925561
359,070722-Nabila-JP-Valves-WholeMount-SAureus-pat08-20.tif,896,512,1024,640,0.9895170712709335,8.141869068682645,18.928791066515615,2.2033360944414273,0.01404177067174571,0.5087451442648978,13.436207147853192
231,060722-Nabila-JP-Valves-WholeMount-SAureus-pat04-1-37.tif,1024,0,1152,128,0.8174270688182679,8.174439904184869,20.152091425156858,2.3652586089036256,0.021930768336873286,0.3705791970394562,24.27187460177927
381,310120-pat18-WholeMount-24.tif,256,0,384,128,0.5,8.197760222241515,21.377923087798674,2.546783819213734,0.037925374190988466,0.3709183650874236,18.64363765343418
61,060525-JPB-MEB-EIHNValves-Ech2-ZigZag0042.tif,640,256,768,384,0.5,8.198411879962878,20.51617663499162,2.441469997855518,0.027723070330949538,0.33777587072498455,12.661224165857934
47,060525-JPB-MEB-EIHNValves-Ech2-ZigZag0042.tif,128,128,256,256,0.5,8.204446626455324,19.56701821668265,2.3239858926256955,0.027573980036055247,0.32955212112533605,15.574160645244739
400,310120-pat18-WholeMount-24.tif,512,512,640,640,0.5,8.205120180270404,20.70489008941878,2.4624733880196397,0.045974299858810075,0.31040948619247316,18.212135892371357
44,060525-JPB-MEB-EIHNValves-Ech2-ZigZag0042.tif,1024,0,1152,128,0.5,8.205206655931292,20.98786800388223,2.4969350392987577,0.03108493005298483,0.3602862733913237,15.144998898885516
250,060722-Nabila-JP-Valves-WholeMount-SAureus-pat04-1-37.tif,512,512,640,640,1.034735087069285,8.24043206161993,20.627312337563065,2.37761528812874,0.024311121759074943,0.39803170795956966,20.827652000785626
273,060722-Nabila-JP-Valves-WholeMount-SAureus-pat04-2-15.tif,896,384,1024,512,0.6714421027705426,8.253190140286918,20.511426018128436,2.4039169797520463,0.030775664892224837,0.3501328498085582,16.023318357573384
11,060525-JPB-MEB-EIHNValves-Ech1-ZigZag20002.tif,384,640,512,768,0.5,8.267202533187191,20.137681934931507,2.375372062810797,0.027517032251544636,0.3149926928907509,11.69261819906335
267,060722-Nabila-JP-Valves-WholeMount-SAureus-pat04-2-15.tif,896,256,1024,384,0.8002725724020444,8.267471754279141,19.297083902883553,2.237299609872606,0.02922111577576319,0.3556297501515871,16.53221284589841
369,070722-Nabila-JP-Valves-WholeMount-SAureus-pat10-00.tif,256,128,384,256,0.5,8.274780128357497,18.964299642508937,2.2313945937043296,0.021600538528549932,0.3964425827602007,12.597019081266463
164,060722-Nabila-JP-Valves-WholeMount-SAureus-pat04-1-22.tif,256,640,384,768,0.779945076197107,8.280920082571512,21.2284064516129,2.469346542596489,0.030850497304114016,0.4216121924228385,18.342431954840215
258,060722-Nabila-JP-Valves-WholeMount-SAureus-pat04-2-15.tif,384,128,512,256,0.8313039108952349,8.290046052266547,19.492605023214185,2.251049149143972,0.026457696931770112,0.42491888937540817,16.749639232218957
108,060722-Nabila-JP-Valves-WholeMount-SAureus-pat02-28.tif,1152,256,1280,384,0.5,8.292239786491479,21.68457960644007,2.5547475895416016,0.01945526697699066,0.3604672102108527,17.289586878898877
102,060722-Nabila-JP-Valves-WholeMount-SAureus-pat02-28.tif,384,256,512,384,1.0138871551616528,8.296168676675691,21.037436014974404,2.4135898919350645,0.01726061080955437,0.37424543317740605,23.472822905066447
60,060525-JPB-MEB-EIHNValves-Ech2-ZigZag0042.tif,512,256,640,384,0.5,8.30735773831098,21.406883747500718,2.5166706919439132,0.029920425594842544,0.3041863794510115,9.76147605480579
101,060722-Nabila-JP-Valves-WholeMount-SAureus-pat02-28.tif,256,256,384,384,0.9624638752604343,8.3105631016748,20.241644256626973,2.3198404422777648,0.020554193777166132,0.4635895481327841,15.63427079958716
248,060722-Nabila-JP-Valves-WholeMount-SAureus-pat04-1-37.tif,256,512,384,640,0.7163012545593009,8.31102478363493,22.722594891879503,2.647843582496872,0.02565327731116945,0.39071087010969124,36.572779685661594
393,310120-pat18-WholeMount-24.tif,1152,256,1280,384,0.5,8.33688894306961,22.775677686828953,2.6719412767692616,0.046596449628671974,0.29501119699008427,25.83391895604591
35,060525-JPB-MEB-EIHNValves-Ech2-ZigZag0037.tif,1152,0,1280,128,0.5,8.350378580050478,19.38386588185831,2.2614382929862513,0.029185222328240258,0.3221627833900409,12.159221445204473
281,060722-Nabila-JP-Valves-WholeMount-SAureus-pat04-2-15.tif,1152,512,1280,640,0.675779792055452,8.352879374876881,18.603360128617368,2.146275497582672,0.028222899258900987,0.3509706161326952,12.912233953606348
243,060722-Nabila-JP-Valves-WholeMount-SAureus-pat04-1-37.tif,512,384,640,512,0.9719249506784238,8.373597424138943,19.4315796573587,2.2045070680691916,0.02589825865283397,0.4721278440836753,20.463552815346574
55,060525-JPB-MEB-EIHNValves-Ech2-ZigZag0042.tif,1152,128,1280,256,0.5,8.377380425155005,21.44732555156491,2.500462494059093,0.029361803834771376,0.29746572682086175,10.713765432375101
275,060722-Nabila-JP-Valves-WholeMount-SAureus-pat04-2-15.tif,0,512,128,640,0.7027493873647719,8.38908093484632,21.986226765799255,2.5370451833439582,0.02203456750962365,0.43866202044291236,20.46545406033311
126,060722-Nabila-JP-Valves-WholeMount-SAureus-pat02-28.tif,1024,512,1152,640,0.5,8.41856252716998,20.482055674518207,2.3735709760458903,0.016193919215102964,0.36313600415650227,20.75743328052461
51,060525-JPB-MEB-EIHNValves-Ech2-ZigZag0042.tif,640,128,768,256,0.5,8.45869374451548,20.94100881136486,2.4165680220564285,0.028564991775104808,0.3571443151770087,20.294234931149113
142,060722-Nabila-JP-Valves-WholeMount-SAureus-pat04-1-22.tif,1024,0,1152,128,0.8200613732259301,8.467718747957916,20.653927971636502,2.3422916122708646,0.03266126215996371,0.3766096398178807,19.49656356804535
196,060722-Nabila-JP-Valves-WholeMount-SAureus-pat04-1-27.tif,0,384,128,512,1.1259456321950276,8.47026333957984,19.152529439472445,2.1282199955983434,0.02485470290506156,0.35418055422772976,29.698060970513037
75,060525-JPB-MEB-EIHNValves-Ech2-ZigZag0042.tif,640,640,768,768,0.5,8.48106732931014,21.217650165016504,2.442811660440114,0.026397338100343226,0.33467607365910096,14.973740962993901
161,060722-Nabila-JP-Valves-WholeMount-SAureus-pat04-1-22.tif,128,512,256,640,0.941001366386883,8.49438261791203,21.196927330909997,2.3846260376604205,0.02831971230611578,0.3396863158732493,31.575152771099102
245,060722-Nabila-JP-Valves-WholeMount-SAureus-pat04-1-37.tif,768,384,896,512,0.7819631267049196,8.510124420590389,21.8326018242572,2.473599404330671,0.02455552768328612,0.41624249825784915,27.745171697967915
111,060722-Nabila-JP-Valves-WholeMount-SAureus-pat02-28.tif,256,384,384,512,0.8006396738366373,8.519170392921703,20.48686543110396,2.3108148856400335,0.016738860243899437,0.3765784714546085,27.296453336222218
129,060722-Nabila-JP-Valves-WholeMount-SAureus-pat02-28.tif,256,640,384,768,0.9466376756790824,8.532628054427583,20.646355792179172,2.308751534795648,0.01801086653272504,0.45977914109115703,12.225113382476772
376,070722-Nabila-JP-Valves-WholeMount-SAureus-pat10-00.tif,640,384,768,512,0.5814092953523239,8.56994611127294,20.986874457622218,2.3810494135346394,0.024601190738375252,0.36593616925647315,12.950418702651069
186,060722-Nabila-JP-Valves-WholeMount-SAureus-pat04-1-27.tif,1152,128,1280,256,0.9978630751964086,8.57054937609395,19.95282505791117,2.2116390853060497,0.025721223138896077,0.3460021616777957,16.44690410496193
271,060722-Nabila-JP-Valves-WholeMount-SAureus-pat04-2-15.tif,640,384,768,512,0.8145322011554419,8.578170752712866,20.902995946982152,2.3418120628426156,0.031005103542364878,0.29388750231241867,17.201236449686007
167,060722-Nabila-JP-Valves-WholeMount-SAureus-pat04-1-27.tif,0,0,128,128,0.980431419351987,8.587846116148002,21.743046043263032,2.417674273980112,0.02753270806469655,0.4458350728489402,17.482130487724366
184,060722-Nabila-JP-Valves-WholeMount-SAureus-pat04-1-27.tif,896,128,1024,256,0.7259720148221891,8.595630204921866,20.287099654056465,2.27570604747905,0.02755988118388248,0.3275111934166616,37.618537632212366
141,060722-Nabila-JP-Valves-WholeMount-SAureus-pat04-1-22.tif,896,0,1024,128,0.8132629878325844,8.60082140964494,21.086109934784453,2.3570826530845004,0.030478698971197184,0.3816829630184499,19.027808701859346
270,060722-Nabila-JP-Valves-WholeMount-SAureus-pat04-2-15.tif,512,384,640,512,0.9523895007520261,8.608641063515512,19.74612266954877,2.18312426202167,0.033200895133885536,0.37743087022400695,21.694247796864616
234,060722-Nabila-JP-Valves-WholeMount-SAureus-pat04-1-37.tif,768,128,896,256,0.8367424242424244,8.617051039697543,20.57299833194329,2.2903724042922233,0.02471283962519252,0.3995421426919399,17.06293902688198
216,060722-Nabila-JP-Valves-WholeMount-SAureus-pat04-1-27.tif,0,640,128,768,0.7612035636241388,8.625075665859562,21.967569895841493,2.4586875702619078,0.02579040279241069,0.37094079718227174,38.29759587586457
233,060722-Nabila-JP-Valves-WholeMount-SAureus-pat04-1-37.tif,640,128,768,256,0.8596872525732382,8.645950897764747,20.738706212822212,2.2992287598335,0.026901992095735846,0.36969468911231085,17.09275316584715
105,060722-Nabila-JP-Valves-WholeMount-SAureus-pat02-28.tif,768,256,896,384,0.860717552596809,8.651254855094118,21.266983623877447,2.3587637184523373,0.02072172130293204,0.32419685743217974,15.655717114342563
269,060722-Nabila-JP-Valves-WholeMount-SAureus-pat04-2-15.tif,1152,256,1280,384,0.5977491574386133,8.656286596401577,20.86932907348243,2.3418332665268644,0.020399616400901866,0.28783878677197555,38.03866936007871
92,060722-Nabila-JP-Valves-WholeMount-SAureus-pat02-28.tif,256,128,384,256,0.9423222837241125,8.660095418129448,21.237147300599876,2.3434874602408686,0.018352108618786504,0.43862852428793464,18.930363548064104
20,060525-JPB-MEB-EIHNValves-Ech1-ZigZag20033.tif,256,512,384,640,0.5,8.663974056603772,20.49517151682653,2.3078521918686956,0.028029244716791732,0.2948074924042477,14.905736996362183
371,070722-Nabila-JP-Valves-WholeMount-SAureus-pat10-00.tif,128,256,256,384,0.5,8.667179541595925,18.79974277799763,2.111383834864925,0.01907398624123313,0.3670213077466623,18.552974158336948
132,060722-Nabila-JP-Valves-WholeMount-SAureus-pat02-28.tif,640,640,768,768,0.8700729442970823,8.674131082423036,21.98811330839123,2.4346000957821614,0.015212408373418819,0.3939032692729067,18.762512240685417
10,060525-JPB-MEB-EIHNValves-Ech1-ZigZag20002.tif,256,640,384,768,0.5,8.683471933471932,20.984198949040696,2.358987177707207,0.027880467278303192,0.30933054444601116,14.841113014394638
103,060722-Nabila-JP-Valves-WholeMount-SAureus-pat02-28.tif,512,256,640,384,0.7423873536029539,8.685790842461975,18.878705659957745,2.088044558670731,0.01615543450763686,0.31030012603752866,19.012251110316292
407,A-ZIgZag-pat04-X4000-10014.tif,1152,128,1280,256,0.5,8.70253722570533,21.900370397269224,2.45909553067551,0.03766358735950944,0.3849569293334833,22.769804099593554
254,060722-Nabila-JP-Valves-WholeMount-SAureus-pat04-1-37.tif,1152,640,1280,768,0.9132651485912779,8.710809758629642,20.498681778982395,2.2484036700478045,0.021580932050401857,0.411275102070153,20.858269396781534
175,060722-Nabila-JP-Valves-WholeMount-SAureus-pat04-1-27.tif,1024,0,1152,128,0.9606112950434245,8.713061832629748,20.820429091890436,2.2793156043577607,0.02252878444222238,0.38504497574851576,24.49851277814735
84,060722-Nabila-JP-Valves-WholeMount-SAureus-pat02-28.tif,384,0,512,128,1.0951743853630647,8.723078950836959,18.811354876964128,2.0309549634308004,0.018106855469305353,0.3397274502094808,21.739019448906642
112,060722-Nabila-JP-Valves-WholeMount-SAureus-pat02-28.tif,384,384,512,512,1.0903134441087614,8.723866434140335,17.971073776479177,1.9350090306642658,0.015175791762031689,0.3366228626869911,14.959508356379915
118,060722-Nabila-JP-Valves-WholeMount-SAureus-pat02-28.tif,1152,384,1280,512,0.5436994219653176,8.727067050596458,20.22729357798165,2.255464985188929,0.016360602558370966,0.31683197457612305,22.998416161862572
358,070722-Nabila-JP-Valves-WholeMount-SAureus-pat08-20.tif,768,512,896,640,1.211995562335321,8.74824632193184,18.428395061728388,1.967982938046861,0.01360708440571539,0.32588741624044104,13.924487709944444
56,060525-JPB-MEB-EIHNValves-Ech2-ZigZag0042.tif,0,256,128,384,0.5,8.758064516129032,20.994120487745988,2.3400284903135384,0.02733184410016799,0.24163311048067548,16.287354995461925
78,060525-JPB-MEB-EIHNValves-Ech3-ZigZag0061.tif,1024,256,1152,384,0.5,8.761862917398942,20.75326356864136,2.311524816078014,0.026534979205090563,0.3074846303795816,20.10423253959445
289,060722-Nabila-JP-Valves-WholeMount-SAureus-pat04-2-15.tif,384,0,512,128,0.8867759129553765,8.76911544227886,22.14907742998353,2.4246803063528435,0.026033948383275128,0.3394392846601019,12.755629183745736
169,060722-Nabila-JP-Valves-WholeMount-SAureus-pat04-1-27.tif,256,0,384,128,1.1164178488947543,8.782111557421947,19.45079084637388,2.087695297150303,0.027999238354868464,0.3523386723484194,21.57246156027606
176,060722-Nabila-JP-Valves-WholeMount-SAureus-pat04-1-27.tif,1152,0,1280,128,0.7915020466275142,8.782171687859444,20.116173072883853,2.2004433200697893,0.02037450379306935,0.34976867465609096,24.095252843661378
197,060722-Nabila-JP-Valves-WholeMount-SAureus-pat04-1-27.tif,128,384,256,512,1.056264112746243,8.80818186201244,20.063219133807365,2.1578749529495447,0.025539991177978328,0.352409896284641,23.95603223495361
286,060722-Nabila-JP-Valves-WholeMount-SAureus-pat04-2-15.tif,768,640,896,768,0.7328280754153443,8.81478031860226,21.04559519117067,2.304398564861373,0.029357592540941148,0.27851716457036657,22.616668494928895
91,060722-Nabila-JP-Valves-WholeMount-SAureus-pat02-28.tif,128,128,256,256,1.2104452690166974,8.824031059198298,21.121627736333615,2.256472391556375,0.01594696919259841,0.33501789360137485,24.899964373141295
106,060722-Nabila-JP-Valves-WholeMount-SAureus-pat02-28.tif,896,256,1024,384,0.8118308412281704,8.859042107029024,21.786811622338703,2.367635295972729,0.020327801837018867,0.3665847795706259,14.586054923423132
382,310120-pat18-WholeMount-24.tif,384,0,512,128,0.5,8.86658592086912,20.18974522292995,2.2206681803631496,0.04085076006033832,0.30718604279241596,18.82439487871208
365,070722-Nabila-JP-Valves-WholeMount-SAureus-pat08-20.tif,896,640,1024,768,1.1501849568434035,8.86848570577725,19.477212036668,2.066533981994887,0.014707630690923228,0.3022532637917966,13.172101438432422
130,060722-Nabila-JP-Valves-WholeMount-SAureus-pat02-28.tif,384,640,512,768,1.0731265639404715,8.869851203780575,20.44557031356977,2.184077647364843,0.015249487453627539,0.45692714369752835,17.057050552496147
229,060722-Nabila-JP-Valves-WholeMount-SAureus-pat04-1-37.tif,384,0,512,128,0.5,8.875833006664056,21.01537050623625,2.3113740976011066,0.030621644383619327,0.31682993159340833,18.020558372413813
88,060722-Nabila-JP-Valves-WholeMount-SAureus-pat02-28.tif,896,0,1024,128,0.6973586243573833,8.876150274377373,19.700873273761175,2.1409636004316988,0.02003001501794535,0.3302494170551553,19.897628117332925
223,060722-Nabila-JP-Valves-WholeMount-SAureus-pat04-1-27.tif,896,640,1024,768,0.850685477840371,8.888163679404803,20.7982127057158,2.244279915107416,0.022561692595691716,0.32972794293606983,27.748111531452217
211,060722-Nabila-JP-Valves-WholeMount-SAureus-pat04-1-27.tif,640,512,768,640,0.9053556074192362,8.898056107797657,20.71214203894617,2.2259678059536623,0.03231987415423556,0.37480117808446023,15.880068021529029
246,060722-Nabila-JP-Valves-WholeMount-SAureus-pat04-1-37.tif,0,512,128,640,1.1471632691941323,8.903834548071119,19.378231292517004,2.0475524252943758,0.026609809925764248,0.3766511994286136,21.303007201226787
227,060722-Nabila-JP-Valves-WholeMount-SAureus-pat04-1-37.tif,0,0,128,128,1.0094806331026804,8.910863219349459,20.433144269924373,2.1797735144945616,0.024999376746840107,0.3526418013818505,23.649551760746043
241,060722-Nabila-JP-Valves-WholeMount-SAureus-pat04-1-37.tif,1152,256,1280,384,0.9362281328097111,8.912860356825195,19.559854897218873,2.0895230059503582,0.021430947676300837,0.3943009403191226,19.082007473039603
148,060722-Nabila-JP-Valves-WholeMount-SAureus-pat04-1-22.tif,128,256,256,384,0.9847242726877987,8.918112488083889,20.622297339204867,2.2019875946570755,0.033371777150424976,0.315796490341626,24.073119334389872
193,060722-Nabila-JP-Valves-WholeMount-SAureus-pat04-1-27.tif,768,256,896,384,1.1687588242844307,8.921090653896961,21.554637329637327,2.285132983874323,0.03132431522315124,0.4234712812825809,20.142411724650895
237,060722-Nabila-JP-Valves-WholeMount-SAureus-pat04-1-37.tif,0,256,128,384,0.5963696912387451,8.93875184482395,21.24503214494447,2.310016298938032,0.025835562698038238,0.29397846585380666,32.32369891247132
173,060722-Nabila-JP-Valves-WholeMount-SAureus-pat04-1-27.tif,768,0,896,128,1.134822360455893,8.946394883357105,21.28492309280479,2.2523151498525893,0.024908598255099907,0.3311120008856238,20.906724097542
191,060722-Nabila-JP-Valves-WholeMount-SAureus-pat04-1-27.tif,512,256,640,384,1.2882619664530206,8.948473490775443,19.879892646269465,2.0776315311188744,0.026799498731442103,0.3853955067218942,23.82164440883817
206,060722-Nabila-JP-Valves-WholeMount-SAureus-pat04-1-27.tif,0,512,128,640,1.0193900016109114,8.94868696632834,20.815838013597407,2.212218182005422,0.026460633846603764,0.30962167916035005,25.368613153918755
163,060722-Nabila-JP-Valves-WholeMount-SAureus-pat04-1-22.tif,128,640,256,768,1.1944583125312036,8.9608,22.441702076962795,2.371132461881929,0.02671409842123675,0.3636290917297664,26.560298641931862
225,060722-Nabila-JP-Valves-WholeMount-SAureus-pat04-1-27.tif,1152,640,1280,768,0.9966470056857428,8.968975569128261,20.73769349845201,2.2010369345542764,0.026810398391635258,0.29837578010921134,16.880992413422156
160,060722-Nabila-JP-Valves-WholeMount-SAureus-pat04-1-22.tif,0,512,128,640,0.6793427230046948,8.983844241922117,20.817725821402817,2.241622022388209,0.035687707932060934,0.31765196133984047,22.594570878392688
62,060525-JPB-MEB-EIHNValves-Ech2-ZigZag0042.tif,768,256,896,384,0.5,8.98777979431337,21.60101867572156,2.347745400824386,0.029143844376018458,0.2083205714607182,12.246948605227649
195,060722-Nabila-JP-Valves-WholeMount-SAureus-pat04-1-27.tif,1152,256,1280,384,0.8018602559385095,8.990062911066627,19.051978685056028,2.0300323378885268,0.025756350314882655,0.26248032838890645,17.252624492501337
116,060722-Nabila-JP-Valves-WholeMount-SAureus-pat02-28.tif,896,384,1024,512,0.7433039427715856,8.99408769204212,20.586031935532013,2.206196856443492,0.020115031355417572,0.28890173643769074,11.51565331192884
294,070525-JPB-MEB-EIHNValves-Ech5-ZigZag0003.tif,640,640,768,768,0.5,9.004790127466103,20.03401612693458,2.1692916603744705,0.035119568203734984,0.23230997325523692,12.324675880695931
177,060722-Nabila-JP-Valves-WholeMount-SAureus-pat04-1-27.tif,0,128,128,256,1.0863271542065596,9.011731945585684,19.465914407595978,2.0395177491261816,0.032359584465653825,0.2460161337754688,16.295080627336564
152,060722-Nabila-JP-Valves-WholeMount-SAureus-pat04-1-22.tif,896,256,1024,384,1.033406246820633,9.042566749506149,20.99886772486772,2.2079418411965253,0.027146065200582818,0.3180076980315199,30.946444810615443
123,060722-Nabila-JP-Valves-WholeMount-SAureus-pat02-28.tif,640,512,768,640,1.022410951958423,9.050790235215553,19.220657049339316,2.01068035215021,0.01605611498561785,0.317740353933455,15.438520474527992
242,060722-Nabila-JP-Valves-WholeMount-SAureus-pat04-1-37.tif,128,384,256,512,0.5,9.070533522800671,19.9958770709498,2.1493638739047554,0.02842709111524475,0.22190484414420128,22.43970641553434
372,070722-Nabila-JP-Valves-WholeMount-SAureus-pat10-00.tif,640,256,768,384,0.5673301366144937,9.071848341232222,18.604691407422216,1.9882785285140383,0.0238997206336205,0.21590255435344813,15.54909336602741
212,060722-Nabila-JP-Valves-WholeMount-SAureus-pat04-1-27.tif,768,512,896,640,0.7402575972865194,9.08641735344425,22.31003570517725,2.373848489329472,0.02268308489954634,0.27752315223491764,32.393625787233354
340,070525-JPB-MEB-EIHNValves-Ech6-ZigZag0103.tif,512,384,640,512,0.5,9.107414644179352,21.269658190224575,2.2805218606686246,0.03205939064891011,0.24497846046549457,17.014442678517913
183,060722-Nabila-JP-Valves-WholeMount-SAureus-pat04-1-27.tif,768,128,896,256,1.248128078817734,9.142358026884585,21.54821547698466,2.2204432749703336,0.025988190284677193,0.3080114973906639,30.2998245203661
405,310120-pat18-WholeMount-24.tif,896,640,1024,768,0.5,9.152003548720984,21.341123214033104,2.2772197479038025,0.04267631928152911,0.19201782942670842,19.947365248000025
388,310120-pat18-WholeMount-24.tif,256,128,384,256,0.5,9.170759230838675,20.779610516066207,2.211333871668073,0.04287748492870975,0.2338817972074501,19.496598029393418
140,060722-Nabila-JP-Valves-WholeMount-SAureus-pat04-1-22.tif,768,0,896,128,0.92248340539553,9.1822627544277,20.31301720130171,2.1117380665845182,0.026562332408341972,0.29666101262439215,20.953717204180172
170,060722-Nabila-JP-Valves-WholeMount-SAureus-pat04-1-27.tif,384,0,512,128,1.2012985436893204,9.197621503549541,21.027942235666952,2.1556272656279827,0.023841615357353376,0.2847880000024558,26.052407914485705
114,060722-Nabila-JP-Valves-WholeMount-SAureus-pat02-28.tif,640,384,768,512,1.0789253695178094,9.236099860078061,21.42692556634304,2.203094434348532,0.017162140476285722,0.25966892963984695,19.202330892480106
350,070722-Nabila-JP-Valves-WholeMount-SAureus-pat08-20.tif,128,384,256,512,0.5,9.25386230688466,20.52696456086287,2.164173606296613,0.013925438937167748,0.21577583877903142,15.212513544187104
157,060722-Nabila-JP-Valves-WholeMount-SAureus-pat04-1-22.tif,512,384,640,512,1.1187883817427386,9.275228839416883,21.32759838775418,2.178793683249106,0.028582365843776634,0.32154829739359536,19.34935542768134
90,060722-Nabila-JP-Valves-WholeMount-SAureus-pat02-28.tif,0,128,128,256,1.387965633629948,9.27892447007639,20.06873164218959,2.0132469090359835,0.01637653086475754,0.287111678149851,15.876584384989664
119,060722-Nabila-JP-Valves-WholeMount-SAureus-pat02-28.tif,128,512,256,640,1.123004481392479,9.295327577450482,20.323222124670764,2.0655773003477638,0.01739236750157714,0.3424381897352248,20.259638698393214
82,060722-Nabila-JP-Valves-WholeMount-SAureus-pat02-28.tif,128,0,256,128,1.4573431197513718,9.302221822972811,21.429003460207614,2.1469774340506627,0.014531842654220863,0.3064837018010794,21.45600940061845
45,060525-JPB-MEB-EIHNValves-Ech2-ZigZag0042.tif,1152,0,1280,128,0.5161024033437827,9.30537868005094,21.441073693109768,2.2486963732733805,0.029554512426329088,0.2834247642490067,14.652557195427304
218,060722-Nabila-JP-Valves-WholeMount-SAureus-pat04-1-27.tif,256,640,384,768,0.9077936962750721,9.318438310202838,20.99498777506113,2.155639540672005,0.029540006284356542,0.2663559728491044,16.06896950539543
280,060722-Nabila-JP-Valves-WholeMount-SAureus-pat04-2-15.tif,1024,512,1152,640,0.84058644868574,9.33140886256279,21.35203836930456,2.198108798223372,0.028265709419029728,0.24388436363897484,17.37158499480535
121,060722-Nabila-JP-Valves-WholeMount-SAureus-pat02-28.tif,384,512,512,640,1.1458902344756505,9.366620798112834,20.214770149253727,2.035833447919663,0.016210141216336526,0.21299630374403933,16.358714615938133
79,060525-JPB-MEB-EIHNValves-Ech3-ZigZag0061.tif,1152,256,1280,384,0.8685373378096363,9.377769082590897,20.696623042767,2.1143712891978406,0.02685910596685999,0.23633969699409021,18.133261816382134
356,070722-Nabila-JP-Valves-WholeMount-SAureus-pat08-20.tif,384,512,512,640,1.2490634242523828,9.383049927641101,20.244536851161456,2.024445523938988,0.013245691428517071,0.21646545084019925,13.414184418542472
188,060722-Nabila-JP-Valves-WholeMount-SAureus-pat04-1-27.tif,128,256,256,384,1.0599614184862913,9.385419812745392,20.300043794341768,2.0499969910485474,0.029406420191016767,0.25867220640655164,25.83778552373453
144,060722-Nabila-JP-Valves-WholeMount-SAureus-pat04-1-22.tif,128,128,256,256,1.0442436258010974,9.38878931544866,21.452611403929087,2.173695360758315,0.029617226020346762,0.24866156459541877,22.860594005685076
153,060722-Nabila-JP-Valves-WholeMount-SAureus-pat04-1-22.tif,1024,256,1152,384,1.3174375000000003,9.390805156896134,21.18546273546274,2.1156892197760766,0.023597658038990988,0.2391845206125893,28.879652737340287
76,060525-JPB-MEB-EIHNValves-Ech2-ZigZag0042.tif,768,640,896,768,0.5,9.40047708864973,22.750152210928228,2.366917338460766,0.026958163963418005,0.21401425696368506,10.59306226016388
68,060525-JPB-MEB-EIHNValves-Ech2-ZigZag0042.tif,1024,512,1152,640,0.5,9.412848370335382,21.154798803697666,2.1943197203506775,0.02817160907088457,0.2132250581481633,9.865217274741829
150,060722-Nabila-JP-Valves-WholeMount-SAureus-pat04-1-22.tif,640,256,768,384,1.181340118744699,9.442525827535318,19.31648708487086,1.9205821935103762,0.03064412710234246,0.25287605349648234,20.42056314418327
406,A-ZIgZag-pat04-X4000-10014.tif,1024,128,1152,256,0.5159529726629707,9.447652847233421,21.3339211469534,2.2035068932900734,0.0344111649694753,0.2545447351412395,30.64484265651233
190,060722-Nabila-JP-Valves-WholeMount-SAureus-pat04-1-27.tif,384,256,512,384,1.2910272969947472,9.447662286391068,20.534637521826298,2.036864744049023,0.031105096631994532,0.2793995966677434,24.731899672285753
135,060722-Nabila-JP-Valves-WholeMount-SAureus-pat02-28.tif,1024,640,1152,768,0.5418400258022898,9.448595381673776,21.707228387850467,2.2400565911733246,0.015991037791249198,0.26879102366514707,26.80907988569548
138,060722-Nabila-JP-Valves-WholeMount-SAureus-pat04-1-22.tif,128,0,256,128,1.105500085582245,9.506828269033804,20.95684424713282,2.088114311080125,0.02322983024629476,0.24706260077752798,19.479683540568274
104,060722-Nabila-JP-Valves-WholeMount-SAureus-pat02-28.tif,640,256,768,384,1.0485605082894867,9.512384851586487,19.905919543792223,1.9824007680216682,0.018024232131251514,0.2088751805367154,15.701189341145687
94,060722-Nabila-JP-Valves-WholeMount-SAureus-pat02-28.tif,512,128,640,256,1.2332754930880905,9.558438880706921,19.43404790754031,1.9041574300578812,0.019858040859088526,0.3010772186421386,19.529555779789703
86,060722-Nabila-JP-Valves-WholeMount-SAureus-pat02-28.tif,640,0,768,128,1.1346877282688097,9.562488376418079,22.16675217163179,2.1994342492723824,0.021386959742385622,0.3141978431093744,17.530730504037194
120,060722-Nabila-JP-Valves-WholeMount-SAureus-pat02-28.tif,256,512,384,640,1.1703292005130397,9.570751185425506,20.066911616670026,1.9744095369371852,0.017947333234252676,0.22422729015032664,16.31829618273952
182,060722-Nabila-JP-Valves-WholeMount-SAureus-pat04-1-27.tif,640,128,768,256,1.437378101958297,9.59828719906671,20.268238039673285,1.9618979456611807,0.02509424511383531,0.225258168051487,21.164792906519967
199,060722-Nabila-JP-Valves-WholeMount-SAureus-pat04-1-27.tif,384,384,512,512,1.3732264080566954,9.60492131990759,21.650590751136058,2.1111432012515907,0.02465661289660587,0.3085767859330439,25.17681967196976
215,060722-Nabila-JP-Valves-WholeMount-SAureus-pat04-1-27.tif,1152,512,1280,640,1.151249169435216,9.612861932337703,20.882482811306346,2.0525868134540857,0.023918509018025457,0.3126069324259034,17.04747794478802
293,070525-JPB-MEB-EIHNValves-Ech4-ZigZag0019.tif,768,512,896,640,0.5,9.61592709984152,21.922225203470173,2.2277857330910127,0.04176234383540086,0.15510398100953496,11.336934266674957
7,060525-JPB-MEB-EIHNValves-Ech1-ZigZag20002.tif,384,512,512,640,0.5,9.634473277195397,21.327278093411056,2.1617453797613204,0.028921847611570076,0.1831592741677935,15.972228253587733
172,060722-Nabila-JP-Valves-WholeMount-SAureus-pat04-1-27.tif,640,0,768,128,1.2666933272394885,9.643493885932982,21.47436287813596,2.095471806164933,0.02548145345251403,0.3411332037749021,18.34442000885596
109,060722-Nabila-JP-Valves-WholeMount-SAureus-pat02-28.tif,0,384,128,512,1.1344896331738434,9.646760834196124,20.303801869585044,1.9871242343294397,0.016155092197688806,0.2658343346267655,13.086255587227642
155,060722-Nabila-JP-Valves-WholeMount-SAureus-pat04-1-22.tif,0,384,128,512,0.9535073922617174,9.664378586474902,19.350116047745356,1.903548013033069,0.02951423030700317,0.20501012524395723,16.189789363440415
343,070722-Nabila-JP-Valves-WholeMount-SAureus-pat08-20.tif,256,0,384,128,0.9226852802299323,9.698125488154126,20.602780201969832,2.0292679184011746,0.016575211120601518,0.23229778201408965,13.051524295423297
230,060722-Nabila-JP-Valves-WholeMount-SAureus-pat04-1-37.tif,896,0,1024,128,0.8321344493852998,9.715634331952606,22.33238063214526,2.2129534159236863,0.02053733629644775,0.2711772431293057,21.658199035096484
146,060722-Nabila-JP-Valves-WholeMount-SAureus-pat04-1-22.tif,384,128,512,256,1.3710981506405462,9.749521717565365,20.174441078898024,1.9286426014498914,0.024257361594947093,0.2573655892116608,18.410676439715683
207,060722-Nabila-JP-Valves-WholeMount-SAureus-pat04-1-27.tif,128,512,256,640,0.8066419241336098,9.781424411550596,21.068544335149674,2.0714674630710617,0.02809007439297378,0.20963763226431653,30.36160560639392
219,060722-Nabila-JP-Valves-WholeMount-SAureus-pat04-1-27.tif,384,640,512,768,1.2894173954147958,9.783362864869906,20.462572609472744,1.959771448619667,0.025735249025959424,0.2021180307455915,17.046931677967958
181,060722-Nabila-JP-Valves-WholeMount-SAureus-pat04-1-27.tif,512,128,640,256,1.1346192116341371,9.795537737493465,22.070121643589886,2.1372489181296173,0.02782924102780579,0.22012827997021833,18.731658839564012
18,060525-JPB-MEB-EIHNValves-Ech1-ZigZag20033.tif,640,256,768,384,0.5,9.835450855832006,22.05798556636335,2.191865516117177,0.025136809438074482,0.17147778956735915,15.022585205405298
214,060722-Nabila-JP-Valves-WholeMount-SAureus-pat04-1-27.tif,1024,512,1152,640,1.1810441988950273,9.85874904067536,21.042769570897395,2.014629370324429,0.02333972231101031,0.26455356603260727,20.42353525359421
57,060525-JPB-MEB-EIHNValves-Ech2-ZigZag0042.tif,128,256,256,384,0.5558026537095868,9.870210836544999,21.914368174726988,2.1639421765881774,0.02752449536863522,0.19976095432481336,15.510566770477565
133,060722-Nabila-JP-Valves-WholeMount-SAureus-pat02-28.tif,768,640,896,768,0.7919094475528974,9.8731754784301,19.434251788704525,1.888180999302555,0.014434432823169089,0.112894766822726,22.187412249616585
357,070722-Nabila-JP-Valves-WholeMount-SAureus-pat08-20.tif,640,512,768,640,1.3937907431551495,9.916119082741044,21.230254394584552,2.0004261229531486,0.01331076252454338,0.21947249677045597,10.68054318976563
189,060722-Nabila-JP-Valves-WholeMount-SAureus-pat04-1-27.tif,256,256,384,384,1.3544741998693666,9.916161233257517,21.78596334202436,2.060423248628757,0.025903780148154996,0.2689928954825506,22.597782815085885
171,060722-Nabila-JP-Valves-WholeMount-SAureus-pat04-1-27.tif,512,0,640,128,1.1631466455570951,9.918218251648998,20.683386531724413,1.9681196149239701,0.026297791368524722,0.24746526899625026,22.459073545652288
347,070722-Nabila-JP-Valves-WholeMount-SAureus-pat08-20.tif,896,128,1024,256,0.7244725046463323,9.919345928626672,21.20975948196115,2.0651852576484337,0.015439531841528492,0.21391925833659745,22.263551570571646
192,060722-Nabila-JP-Valves-WholeMount-SAureus-pat04-1-27.tif,640,256,768,384,1.3107964392626439,9.927194501871824,20.872681171983363,1.970535051875152,0.026982277998783857,0.14547585509442917,36.22929150892274
236,060722-Nabila-JP-Valves-WholeMount-SAureus-pat04-1-37.tif,1152,128,1280,256,1.0774157636930382,9.93258078795927,21.607531692766592,2.066946785266635,0.02184344282962037,0.17223042799188362,17.567049146525758
134,060722-Nabila-JP-Valves-WholeMount-SAureus-pat02-28.tif,896,640,1024,768,1.026912352098877,9.95009009009009,22.037986818454165,2.1116466560721414,0.017155201557610255,0.20191133084819796,17.083530217958543
15,060525-JPB-MEB-EIHNValves-Ech1-ZigZag20033.tif,768,0,896,128,0.5,9.95399666944213,20.26432683082826,1.985566952368284,0.02866394021078936,0.15947032823672078,12.922008693607713
239,060722-Nabila-JP-Valves-WholeMount-SAureus-pat04-1-37.tif,768,256,896,384,1.1689189789123198,9.974764848159097,22.16421210605303,2.104840910712348,0.023689925556752787,0.24284530275060587,25.46716290747812
154,060722-Nabila-JP-Valves-WholeMount-SAureus-pat04-1-22.tif,1152,256,1280,384,1.2308768106070929,9.975260592933532,22.08378942347821,2.0904629426566865,0.02174680643690546,0.1938462808376169,31.471401354583772
8,060525-JPB-MEB-EIHNValves-Ech1-ZigZag20002.tif,512,512,640,640,0.5,9.992102985720466,19.411163503477546,1.892610947915884,0.028788616932274982,0.13111343555656854,9.487379625685126
83,060722-Nabila-JP-Valves-WholeMount-SAureus-pat02-28.tif,256,0,384,128,1.1297142857142861,10.00393846724122,21.49479208396763,2.0357060236766342,0.01603398412258072,0.1867946416481931,18.877542676565465
85,060722-Nabila-JP-Valves-WholeMount-SAureus-pat02-28.tif,512,0,640,128,1.064645075631846,10.007733007733007,19.074414637928356,1.79958533549809,0.021617276113006442,0.10057501746060254,13.744130093244014
253,060722-Nabila-JP-Valves-WholeMount-SAureus-pat04-1-37.tif,256,640,384,768,0.8155262223274535,10.035944449487156,22.159280667951187,2.1267310269652215,0.022571141650808094,0.22559553334052124,21.21839133923018
349,070722-Nabila-JP-Valves-WholeMount-SAureus-pat08-20.tif,0,256,128,384,0.5,10.051401869158878,22.090704410796576,2.148029169646893,0.01874298350380471,0.15877400626602103,24.854283342401683
131,060722-Nabila-JP-Valves-WholeMount-SAureus-pat02-28.tif,512,640,640,768,1.3574759007315236,10.086814086814087,20.526898661567877,1.9004437472378362,0.01468430527790498,0.16715869521602963,11.548984298153309
180,060722-Nabila-JP-Valves-WholeMount-SAureus-pat04-1-27.tif,384,128,512,256,1.6331488076803964,10.11905048076923,21.326302794704766,1.9461464318663362,0.027613580030790827,0.2293267258686196,19.363388950736365
354,070722-Nabila-JP-Valves-WholeMount-SAureus-pat08-20.tif,768,384,896,512,1.1626904985888995,10.131146059291394,20.75659683939727,1.9340266368816754,0.013868539603037546,0.23626182319019948,18.60280106701575
228,060722-Nabila-JP-Valves-WholeMount-SAureus-pat04-1-37.tif,128,0,256,128,0.8692143669446548,10.145269940447129,19.430805906893575,1.829580843970216,0.021337940176233472,0.10539018658132261,25.829405339714828
366,070722-Nabila-JP-Valves-WholeMount-SAureus-pat08-20.tif,1152,640,1280,768,0.8896498491333944,10.146827534202307,23.108482552800737,2.189731975710975,0.015606728906998494,0.24669163722976845,18.686147033931448
380,310120-pat18-WholeMount-24.tif,128,0,256,128,0.5,10.152987012987015,21.792269161704944,2.097143346531352,0.03843372318704569,0.11607370407905337,14.069946521000434
272,060722-Nabila-JP-Valves-WholeMount-SAureus-pat04-2-15.tif,768,384,896,512,0.989589195272932,10.157305835892936,20.8777687185759,1.958017199110416,0.0324333522166677,0.1978654740421178,21.33985978727665
122,060722-Nabila-JP-Valves-WholeMount-SAureus-pat02-28.tif,512,512,640,640,1.1896839332748028,10.197310464495462,19.073764139086716,1.7538036395067014,0.016169690552086516,0.1457248825097518,18.756232586362866
158,060722-Nabila-JP-Valves-WholeMount-SAureus-pat04-1-22.tif,896,384,1024,512,0.9686869124463892,10.20367057037519,22.28756472795497,2.0893341928741513,0.027009018090798864,0.22103624229270472,24.816817970214075
139,060722-Nabila-JP-Valves-WholeMount-SAureus-pat04-1-22.tif,256,0,384,128,1.077465623518255,10.258284919401031,21.18689336414658,1.9603108997875731,0.022278707295546277,0.16914849456303566,29.780055515225634
128,060722-Nabila-JP-Valves-WholeMount-SAureus-pat02-28.tif,128,640,256,768,1.438929306794784,10.284484159220145,21.10437051039698,1.912146579172075,0.01803955832674477,0.1783241598094816,18.439355375396296
344,070722-Nabila-JP-Valves-WholeMount-SAureus-pat08-20.tif,512,0,640,128,1.1923105580806201,10.293024691358026,21.16145106637433,1.94006534590942,0.014907087402955172,0.14252916050509587,15.02102511433863
201,060722-Nabila-JP-Valves-WholeMount-SAureus-pat04-1-27.tif,640,384,768,512,1.2437036178107603,10.303147659854975,20.177907821454518,1.8377106519999415,0.02289655418547797,0.15071151392323823,39.61201455295654
110,060722-Nabila-JP-Valves-WholeMount-SAureus-pat02-28.tif,128,384,256,512,1.1977680525164118,10.310143346837021,21.082196463070293,1.9286277350017726,0.014640851341182702,0.15954708498713285,22.802290570271612
268,060722-Nabila-JP-Valves-WholeMount-SAureus-pat04-2-15.tif,1024,256,1152,384,1.0029245419828878,10.315124364803424,20.674527963242156,1.907064105633219,0.030621761253667976,0.12719274769051914,18.053660516652492
203,060722-Nabila-JP-Valves-WholeMount-SAureus-pat04-1-27.tif,896,384,1024,512,1.4770613046744097,10.321010044642861,20.471624629080132,1.8403783391592456,0.02749985494287725,0.16548692149937005,20.313870078244204
19,060525-JPB-MEB-EIHNValves-Ech1-ZigZag20033.tif,768,256,896,384,0.5756029164329785,10.334302822925578,21.935006230882525,2.0668451157697767,0.024308935469979077,0.12439051974649301,18.980277645874626
208,060722-Nabila-JP-Valves-WholeMount-SAureus-pat04-1-27.tif,256,512,384,640,1.0590758655804482,10.335363153232949,20.88663310258024,1.9184190185709773,0.025421371297659957,0.12814359708913492,31.76108962601681
162,060722-Nabila-JP-Valves-WholeMount-SAureus-pat04-1-22.tif,1024,512,1152,640,1.0115462330414702,10.364842552187755,20.98285754597187,1.9268320972917206,0.025350281553298874,0.15448835141208309,27.179690101359704
36,060525-JPB-MEB-EIHNValves-Ech2-ZigZag0042.tif,0,0,128,128,0.5,10.372746007212777,23.08876249202637,2.1777032307856645,0.028325039297492933,0.17387357934104639,14.389489749231492
360,070722-Nabila-JP-Valves-WholeMount-SAureus-pat08-20.tif,256,640,384,768,1.0093548919320245,10.375097319541766,21.469576286597565,1.9720510337891657,0.015121279090919646,0.17747046074610726,18.12930179674869
95,060722-Nabila-JP-Valves-WholeMount-SAureus-pat02-28.tif,640,128,768,256,1.0561655619086174,10.388265306122447,21.50077977509645,1.9680489100657217,0.020973837961060924,0.1340607716437495,17.78355009985862
22,060525-JPB-MEB-EIHNValves-Ech1-ZigZag20066.tif,768,256,896,384,0.5,10.397265625000001,21.77407661677881,2.0461222579161342,0.028669209292088205,0.17578763535356645,13.377341523242968
266,060722-Nabila-JP-Valves-WholeMount-SAureus-pat04-2-15.tif,768,256,896,384,0.9588178733031676,10.41507462686567,21.989884421614146,2.0192910086367863,0.03219717451360146,0.13802309321724693,26.739095870789466
255,060722-Nabila-JP-Valves-WholeMount-SAureus-pat04-2-15.tif,896,0,1024,128,1.018547822433833,10.431925103500188,22.53515531450306,2.0625730417533226,0.02956290195801206,0.17986380360559392,14.477201102366468
16,060525-JPB-MEB-EIHNValves-Ech1-ZigZag20033.tif,384,128,512,256,0.5737195081859425,10.458666299255993,21.42696808510638,1.9938726392297166,0.032228765861688866,0.1405958939652431,9.940934400283977
143,060722-Nabila-JP-Valves-WholeMount-SAureus-pat04-1-22.tif,0,128,128,256,1.0410765687967762,10.51129575323124,21.986472019464728,1.9926558953713394,0.022097926310778046,0.1067435285059299,29.958603038881403
93,060722-Nabila-JP-Valves-WholeMount-SAureus-pat02-28.tif,384,128,512,256,1.203131450138586,10.527021657063383,21.181455382181635,1.8978135110644583,0.020612308095819022,0.11265856374209655,17.3751670941716
159,060722-Nabila-JP-Valves-WholeMount-SAureus-pat04-1-22.tif,1152,384,1280,512,1.052663981588032,10.557991459508923,20.414399999999997,1.8338465315743422,0.021170411766437316,0.11307058225037776,29.64467628328919
220,060722-Nabila-JP-Valves-WholeMount-SAureus-pat04-1-27.tif,512,640,640,768,1.46763702658198,10.629658733722495,21.733151443922097,1.9065065892518223,0.025055752243387245,0.1716511760139516,33.068617366356435
261,060722-Nabila-JP-Valves-WholeMount-SAureus-pat04-2-15.tif,896,128,1024,256,1.0573322466721002,10.705207296849087,22.72216177777778,2.023765531143184,0.024145066121935677,0.09758073923274407,33.38148691364124
262,060722-Nabila-JP-Valves-WholeMount-SAureus-pat04-2-15.tif,1024,128,1152,256,0.7353130372095603,10.739583333333334,21.127706045613618,1.8988067204721526,0.02812187140444989,0.12814130277077962,20.434737231303195
113,060722-Nabila-JP-Valves-WholeMount-SAureus-pat02-28.tif,512,384,640,512,1.240946013496626,10.811774898297424,20.968365099855724,1.8246235490405613,0.016081668469735612,0.08645084514937541,17.716707204260203
168,060722-Nabila-JP-Valves-WholeMount-SAureus-pat04-1-27.tif,128,0,256,128,1.3370983409099741,10.839432240966312,21.224043675802438,1.8346851470441579,0.02745376329499825,0.08672169692202002,17.959254062633537
194,060722-Nabila-JP-Valves-WholeMount-SAureus-pat04-1-27.tif,896,256,1024,384,1.1952237001209194,10.841828538045862,21.43504772759653,1.8668275334230335,0.03330640521809604,0.071727748764552,18.895785311501115
290,060722-Nabila-JP-Valves-WholeMount-SAureus-pat04-2-15.tif,512,0,640,128,0.8859787884235129,10.841978341978344,21.986644297890393,1.9462006696479552,0.0295467033290964,0.1272098833415905,25.0154341154899
187,060722-Nabila-JP-Valves-WholeMount-SAureus-pat04-1-27.tif,0,256,128,384,1.5918330167835963,10.848451562610732,21.021676269159695,1.7910245660626072,0.02912265698825424,0.08679239300100132,26.646138012818778
209,060722-Nabila-JP-Valves-WholeMount-SAureus-pat04-1-27.tif,384,512,512,640,1.4595060893098781,10.8908795484671,20.597187669010285,1.7572209383579172,0.023476530012472595,0.10160396928550179,23.12650759066214
278,060722-Nabila-JP-Valves-WholeMount-SAureus-pat04-2-15.tif,768,512,896,640,1.060830085736555,10.919224728726439,21.59127464788732,1.8802108274353035,0.03309842990862558,0.09811621616362771,20.918732166250628
352,070722-Nabila-JP-Valves-WholeMount-SAureus-pat08-20.tif,512,384,640,512,1.1305101605797923,10.959764918625675,19.36633524262401,1.6638883422629964,0.013586017655689028,0.04900211251566346,17.381997186635193
81,060722-Nabila-JP-Valves-WholeMount-SAureus-pat02-28.tif,0,0,128,128,1.5555439208842348,10.985685818664896,21.103443602228804,1.779397299723637,0.017842703427482932,0.047827041604568514,18.5823087816882
2,060525-JPB-MEB-EIHNValves-Ech1-ZigZag20002.tif,1152,256,1280,384,0.5,11.03559774547612,22.621923003982555,2.004596716390022,0.026492504740532555,0.06669222554554054,12.79277646553608
166,060722-Nabila-JP-Valves-WholeMount-SAureus-pat04-1-22.tif,640,640,768,768,1.0710532728956474,11.085200640219503,20.886338339222615,1.7875441058263604,0.019826017080751632,0.04614889441048765,24.45156801251604
99,060722-Nabila-JP-Valves-WholeMount-SAureus-pat02-28.tif,0,256,128,384,1.5201024327784889,11.165668662674651,21.456563295056043,1.7855142817306138,0.017017344119437325,0.10053288635398906,16.894844092741515
221,060722-Nabila-JP-Valves-WholeMount-SAureus-pat04-1-27.tif,640,640,768,768,1.4514155737308232,11.291266773787294,21.945510204081632,1.815039449597268,0.02557013434204997,0.03549597536431084,27.13274975066998
345,070722-Nabila-JP-Valves-WholeMount-SAureus-pat08-20.tif,1024,0,1152,128,0.7555017015571828,11.508597220232124,21.77706493506494,1.826596485325929,0.013390079447381454,0.011817400881078315,13.823878775342703
137,060722-Nabila-JP-Valves-WholeMount-SAureus-pat04-1-22.tif,0,0,128,128,0.9877005626172121,11.676862909421049,21.706225523295068,1.7743228743365542,0.024457002276647734,0.07876200539482224,27.080099699422426
222,060722-Nabila-JP-Valves-WholeMount-SAureus-pat04-1-27.tif,768,640,896,768,1.210283315844701,11.677651484176957,22.60226575897729,1.8318736838583,0.025068568261363697,0.044905382476168855,24.492468342775574
202,060722-Nabila-JP-Valves-WholeMount-SAureus-pat04-1-27.tif,768,384,896,512,1.50219612959339,11.67940905366653,21.548932330827068,1.7164169958530893,0.024243960606199284,0.024610680790419046,28.076503061945157
288,060722-Nabila-JP-Valves-WholeMount-SAureus-pat04-2-15.tif,256,0,384,128,1.2856442137683228,11.693416271478721,23.246368446368447,1.8780417734861863,0.023155390929577933,0.04416433697499449,18.65610687871489
224,060722-Nabila-JP-Valves-WholeMount-SAureus-pat04-1-27.tif,1024,640,1152,768,1.3786388691808114,11.81904717465354,20.464555737460937,1.6148439536827217,0.021531113834940985,-0.03458993004375147,20.263444394868525
179,060722-Nabila-JP-Valves-WholeMount-SAureus-pat04-1-27.tif,256,128,384,256,1.5428823037294703,11.848027802506335,20.850295187548454,1.6295887556690818,0.028758641683175146,-0.019671324058252986,24.847425204568523
362,070722-Nabila-JP-Valves-WholeMount-SAureus-pat08-20.tif,512,640,640,768,1.8458548109965636,11.863796075311587,22.942437257438545,1.778232052584224,0.012354459935789498,0.001778592765750576,14.51070850855416
213,060722-Nabila-JP-Valves-WholeMount-SAureus-pat04-1-27.tif,896,512,1024,640,1.2440859652792304,11.89721978343576,21.231364980289086,1.6799957787480493,0.025083625064931874,0.010122269952000653,27.530872017561133
165,060722-Nabila-JP-Valves-WholeMount-SAureus-pat04-1-22.tif,512,640,640,768,1.3526590554254487,11.914858599907278,22.005523069699944,1.7333704668920886,0.025562449803780224,-0.008741880805894569,23.146112348978644
200,060722-Nabila-JP-Valves-WholeMount-SAureus-pat04-1-27.tif,512,384,640,512,1.6151742060520635,11.992096709559641,22.00467078795015,1.700244509006032,0.023366098526567562,-0.00509092415085111,26.23225145616205
351,070722-Nabila-JP-Valves-WholeMount-SAureus-pat08-20.tif,256,384,384,512,1.242347266881029,11.992578849721706,21.96127650897226,1.7276458634726446,0.013320378409445822,-0.03117527451701424,13.528361073771737
265,060722-Nabila-JP-Valves-WholeMount-SAureus-pat04-2-15.tif,512,256,640,384,1.1212263552113748,12.0558764540714,21.50506151142355,1.69078003029206,0.02690999819794214,-0.05400150656029866,25.295033948972712
145,060722-Nabila-JP-Valves-WholeMount-SAureus-pat04-1-22.tif,256,128,384,256,1.6652607207569963,12.172600654890928,20.699305957200693,1.5636794285858586,0.027608598786647513,-0.08902869412126266,16.807306973903316
353,070722-Nabila-JP-Valves-WholeMount-SAureus-pat08-20.tif,640,384,768,512,1.6973303130814659,12.212454722764003,21.231658100133263,1.5995414706135884,0.013103182321183059,-0.05321357067301935,26.193210152242294
361,070722-Nabila-JP-Valves-WholeMount-SAureus-pat08-20.tif,384,640,512,768,1.5011525751591845,12.275984789391575,21.571048266710896,1.6348908894784007,0.01319021762407618,-0.05632725031869273,15.913129708486537
67,060525-JPB-MEB-EIHNValves-Ech2-ZigZag0042.tif,896,512,1024,640,0.5,12.299869706840392,22.021811958342436,1.749759344716749,0.027020768286051215,-0.02316476097264894,9.884343331781022
240,060722-Nabila-JP-Valves-WholeMount-SAureus-pat04-1-37.tif,1024,256,1152,384,1.3504820580350843,12.329496842534121,21.679618917999317,1.6488212876484196,0.022347392150550854,-0.089256321745396,16.264341132273643
210,060722-Nabila-JP-Valves-WholeMount-SAureus-pat04-1-27.tif,512,512,640,640,1.7309312856861592,12.472077821011673,23.038040398501053,1.7083848752866877,0.021647529631732474,-0.007125141697779637,38.020801965399
147,060722-Nabila-JP-Valves-WholeMount-SAureus-pat04-1-22.tif,0,256,128,384,1.7104868164306803,12.783322670078912,22.81847864695757,1.6512132545893554,0.0256468525605219,-0.0652687037130542,31.33815558735502
363,070722-Nabila-JP-Valves-WholeMount-SAureus-pat08-20.tif,640,640,768,768,1.5721053476794606,12.814272983811078,22.843493125772895,1.659976169148781,0.013159908859779539,-0.08473199365477507,16.117758949271145
342,070722-Nabila-JP-Valves-WholeMount-SAureus-pat08-20.tif,0,0,128,128,1.2172335130651186,13.094736208142617,22.273982229807743,1.6080315312995035,0.015027301327266684,-0.10659728478106537,13.614566102958868
235,060722-Nabila-JP-Valves-WholeMount-SAureus-pat04-1-37.tif,1024,128,1152,256,1.4347621205256005,13.687073871640276,21.375375722543353,1.456893839327839,0.021196403541401874,-0.22065751457120467,27.257673108211065
364,070722-Nabila-JP-Valves-WholeMount-SAureus-pat08-20.tif,768,640,896,768,1.3496473354231977,14.56897615131579,22.279308328460445,1.4365910669122068,0.013828868449753187,-0.25807727398987085,23.162278620250106
