block,fold,metric,model,dropout,seed,r2,rmse,medae
block_4,0,D50,Ridge,,,0.6345617430430822,1.2125687673015477,0.6708869348001008
block_4,0,D90,Ridge,,,0.2162007711124294,1.1030923434498665,0.7930967005113541
block_4,0,Span,Ridge,,,0.704381149712259,0.29151339141900895,0.18306083426090436
block_4,0,Skewness,Ridge,,,0.5787692670154208,0.1501083878796859,0.09386868252268438
block_4,0,sigma_local,Ridge,,,0.8114495008597046,3.1624461471076537,1.473196704445071
block_4,0,D50,MLP_p0.3,0.3,0.0,0.5744576705080523,1.3084910476622584,0.8129758397106723
block_4,0,D50,MLP_p0.3,0.3,1.0,0.5358461272501862,1.3665652140263254,0.7919765222565589
block_4,0,D50,MLP_p0.3,0.3,2.0,0.5587683346152292,1.3323941234034662,0.8127570279837268
block_4,0,D50,MLP_p0.5,0.5,0.0,0.578823765149285,1.3017611350882974,0.7799909818665443
block_4,0,D50,MLP_p0.5,0.5,1.0,0.6111320349304555,1.2508362419055015,0.7681827861404065
block_4,0,D50,MLP_p0.5,0.5,2.0,0.5557865011651467,1.3368886870761445,0.7343046207427797
block_4,0,D90,MLP_p0.3,0.3,0.0,0.1991036349750821,1.1150584046662886,0.8271882869910794
block_4,0,D90,MLP_p0.3,0.3,1.0,0.18287850472664435,1.1262965967731946,0.8180411562463146
block_4,0,D90,MLP_p0.3,0.3,2.0,0.18797174486612545,1.1227809224513223,0.7456358549074231
block_4,0,D90,MLP_p0.5,0.5,0.0,0.17545504250345567,1.1314011719887165,0.7787261022264627
block_4,0,D90,MLP_p0.5,0.5,1.0,0.19761475534848238,1.116094379450832,0.78260637246823
block_4,0,D90,MLP_p0.5,0.5,2.0,0.1946996368809094,1.118119963561861,0.7297537278838497
block_4,0,Span,MLP_p0.3,0.3,0.0,0.6265540032762129,0.3276471180506445,0.21442356047129874
block_4,0,Span,MLP_p0.3,0.3,1.0,0.5675493677260206,0.3525824704197207,0.22191986665033192
block_4,0,Span,MLP_p0.3,0.3,2.0,0.6271321399249159,0.3273934024157067,0.21016987381293184
block_4,0,Span,MLP_p0.5,0.5,0.0,0.5962566795016271,0.3406788114415892,0.21960066590298377
block_4,0,Span,MLP_p0.5,0.5,1.0,0.5986945904616146,0.33964869883206966,0.2334768254386811
block_4,0,Span,MLP_p0.5,0.5,2.0,0.6151708423562422,0.3326032076317583,0.21860813614525776
block_4,0,Skewness,MLP_p0.3,0.3,0.0,0.41557423223885637,0.17681113577335147,0.10748514068068876
block_4,0,Skewness,MLP_p0.3,0.3,1.0,0.36684553880052206,0.18403472286487524,0.1254882574983287
block_4,0,Skewness,MLP_p0.3,0.3,2.0,0.40825038121573776,0.1779155589227935,0.10525046719693598
block_4,0,Skewness,MLP_p0.5,0.5,0.0,0.491028093798034,0.16500300040939742,0.10654087382496433
block_4,0,Skewness,MLP_p0.5,0.5,1.0,0.39725932348554127,0.1795602438437187,0.1011453089791432
block_4,0,Skewness,MLP_p0.5,0.5,2.0,0.39723229522027836,0.17956426974381506,0.09868332163835028
block_4,0,sigma_local,MLP_p0.3,0.3,0.0,0.7170249978761243,3.8742115489332454,2.6208449157216
block_4,0,sigma_local,MLP_p0.3,0.3,1.0,0.7002951098137911,3.9870915705265526,2.469857433897187
block_4,0,sigma_local,MLP_p0.3,0.3,2.0,0.6657831659883419,4.210400959008019,2.5439312039602555
block_4,0,sigma_local,MLP_p0.5,0.5,0.0,0.7058610179102743,3.9498953376492207,2.5178361491275023
block_4,0,sigma_local,MLP_p0.5,0.5,1.0,0.7080634619495689,3.9350796042013596,2.609954082236884
block_4,0,sigma_local,MLP_p0.5,0.5,2.0,0.7326219395084347,3.765929450300365,2.480074906326026
block_4,1,D50,Ridge,,,0.8478953353982106,0.8580988406667164,0.5709123732325461
block_4,1,D90,Ridge,,,0.2528519105452557,1.384940045231269,0.9364628587898025
block_4,1,Span,Ridge,,,0.8633459716430816,0.29369009083787817,0.19114483377773972
block_4,1,Skewness,Ridge,,,0.7353325941934494,0.1543145568851363,0.1030148392119915
block_4,1,sigma_local,Ridge,,,0.6895203852378246,2.6503434942014845,1.745251846421211
block_4,1,D50,MLP_p0.3,0.3,0.0,0.8051651408677631,0.9711792163716423,0.5561589131847469
block_4,1,D50,MLP_p0.3,0.3,1.0,0.8323472659620851,0.9008891758492834,0.5940636280517493
block_4,1,D50,MLP_p0.3,0.3,2.0,0.7893708586630851,1.0097765420831446,0.5658447252306193
block_4,1,D50,MLP_p0.5,0.5,0.0,0.8240656803740041,0.9228717069240022,0.596991827621657
block_4,1,D50,MLP_p0.5,0.5,1.0,0.825437331088537,0.9192671385243509,0.5218398210139472
block_4,1,D50,MLP_p0.5,0.5,2.0,0.8196833413737927,0.9342948917376832,0.5382339101298901
block_4,1,D90,MLP_p0.3,0.3,0.0,0.1885065663258194,1.4433449361104025,1.0129614956478115
block_4,1,D90,MLP_p0.3,0.3,1.0,0.1942665984569053,1.438213336598387,0.9962555611973976
block_4,1,D90,MLP_p0.3,0.3,2.0,0.21479743484561176,1.4197715936915976,0.9589575140091107
block_4,1,D90,MLP_p0.5,0.5,0.0,0.2018055051955936,1.4314691468650333,0.9731401455989701
block_4,1,D90,MLP_p0.5,0.5,1.0,0.23584153994283508,1.4006168301879212,0.9680799080126228
block_4,1,D90,MLP_p0.5,0.5,2.0,0.22156049822209412,1.4136440215942507,0.9633737420349089
block_4,1,Span,MLP_p0.3,0.3,0.0,0.8391422681395733,0.3186390838121966,0.19590792506979215
block_4,1,Span,MLP_p0.3,0.3,1.0,0.827200270165004,0.33025515391205157,0.21235603375277634
block_4,1,Span,MLP_p0.3,0.3,2.0,0.807551645004405,0.3485259951361058,0.22602233827493756
block_4,1,Span,MLP_p0.5,0.5,0.0,0.842978187196221,0.31481692150561985,0.18950043719672416
block_4,1,Span,MLP_p0.5,0.5,1.0,0.8295104230603543,0.32804014171859114,0.2340077868130661
block_4,1,Span,MLP_p0.5,0.5,2.0,0.8186315734316374,0.3383443409421235,0.20597102871717365
block_4,1,Skewness,MLP_p0.3,0.3,0.0,0.6826570937826979,0.16897445841759223,0.08245723206659389
block_4,1,Skewness,MLP_p0.3,0.3,1.0,0.6608423734140119,0.17468574223593683,0.11013274523171152
block_4,1,Skewness,MLP_p0.3,0.3,2.0,0.6689392991453454,0.1725879542321534,0.11902952458588206
block_4,1,Skewness,MLP_p0.5,0.5,0.0,0.6809518257311251,0.1694278491841312,0.10176530105534126
block_4,1,Skewness,MLP_p0.5,0.5,1.0,0.669582427043298,0.17242023561377032,0.10352993805842357
block_4,1,Skewness,MLP_p0.5,0.5,2.0,0.6741404883342473,0.17122684991975592,0.11153812639586524
block_4,1,sigma_local,MLP_p0.3,0.3,0.0,0.637801677145458,2.8625879302833095,1.951384499476656
block_4,1,sigma_local,MLP_p0.3,0.3,1.0,0.6344750253180192,2.875703765896922,1.746588532938973
block_4,1,sigma_local,MLP_p0.3,0.3,2.0,0.5846713482288096,3.0653605538529027,2.0972812008686823
block_4,1,sigma_local,MLP_p0.5,0.5,0.0,0.579905337817135,3.0828983120790747,2.020922584505316
block_4,1,sigma_local,MLP_p0.5,0.5,1.0,0.61095305022392,2.9667887646182654,1.7402426711081205
block_4,1,sigma_local,MLP_p0.5,0.5,2.0,0.5948926137898534,3.0274062216589694,1.859801751219532
block_4,2,D50,Ridge,,,0.7505912789326552,0.9447637300357743,0.6082070091427463
block_4,2,D90,Ridge,,,0.45578779623730037,1.2479353829480682,0.751653648209885
block_4,2,Span,Ridge,,,0.7501289617650394,0.34716459128675736,0.2809735379314322
block_4,2,Skewness,Ridge,,,0.7150908360155703,0.1511243610816669,0.11301625541799831
block_4,2,sigma_local,Ridge,,,0.5650862339401073,2.2782941752686066,1.676895576333239
block_4,2,D50,MLP_p0.3,0.3,0.0,0.7145015095365236,1.0108094712895153,0.6130416618712085
block_4,2,D50,MLP_p0.3,0.3,1.0,0.7379119032937473,0.9684808616149079,0.6346580284358838
block_4,2,D50,MLP_p0.3,0.3,2.0,0.7394657026435684,0.9656057559899213,0.6190851124357861
block_4,2,D50,MLP_p0.5,0.5,0.0,0.7258033630026874,0.9906003028023206,0.5781839265404978
block_4,2,D50,MLP_p0.5,0.5,1.0,0.7132348168614563,1.0130493568626715,0.6584293982951861
block_4,2,D50,MLP_p0.5,0.5,2.0,0.7314905454566438,0.9802733267097401,0.6439316613769543
block_4,2,D90,MLP_p0.3,0.3,0.0,0.33951286601116315,1.3748019560609799,0.8560876491179847
block_4,2,D90,MLP_p0.3,0.3,1.0,0.352791491453338,1.3609120808980515,0.7698909949561141
block_4,2,D90,MLP_p0.3,0.3,2.0,0.33225930882948995,1.3823304712946876,0.9099016625662557
block_4,2,D90,MLP_p0.5,0.5,0.0,0.39256854700053434,1.3184285482430973,0.8329515893240682
block_4,2,D90,MLP_p0.5,0.5,1.0,0.3347741540591833,1.3797249489932608,0.7399310848497009
block_4,2,D90,MLP_p0.5,0.5,2.0,0.30706628232204114,1.4081658486975126,0.9568468061976567
block_4,2,Span,MLP_p0.3,0.3,0.0,0.659588430834908,0.4052094997347718,0.29512684447988224
block_4,2,Span,MLP_p0.3,0.3,1.0,0.6437183544279829,0.4145473921592893,0.28934817079627884
block_4,2,Span,MLP_p0.3,0.3,2.0,0.6651319068822277,0.4018966139481873,0.2870032361023278
block_4,2,Span,MLP_p0.5,0.5,0.0,0.6674225810492472,0.40051966285946355,0.3129998963156626
block_4,2,Span,MLP_p0.5,0.5,1.0,0.64713508030176,0.41255485761412564,0.33837284178574123
block_4,2,Span,MLP_p0.5,0.5,2.0,0.6768887227776814,0.3947785255405763,0.2917549657872378
block_4,2,Skewness,MLP_p0.3,0.3,0.0,0.6597362030206334,0.16515401668876428,0.11414445433957343
block_4,2,Skewness,MLP_p0.3,0.3,1.0,0.648610127676119,0.16783243233726883,0.12317352067453796
block_4,2,Skewness,MLP_p0.3,0.3,2.0,0.645904557125342,0.1684773168439998,0.12367577183783718
block_4,2,Skewness,MLP_p0.5,0.5,0.0,0.6800008306173193,0.16016060258155432,0.11639309557815858
block_4,2,Skewness,MLP_p0.5,0.5,1.0,0.6438482158242305,0.1689658085009498,0.12410095912906782
block_4,2,Skewness,MLP_p0.5,0.5,2.0,0.6636280780642824,0.16420679966515392,0.12526196339641504
block_4,2,sigma_local,MLP_p0.3,0.3,0.0,0.4256816180437287,2.6180900553651836,1.7798533440251436
block_4,2,sigma_local,MLP_p0.3,0.3,1.0,0.6251707724940746,2.115070980435165,1.4515370628851425
block_4,2,sigma_local,MLP_p0.3,0.3,2.0,0.6248651592623012,2.115933055650197,1.5475183010102498
block_4,2,sigma_local,MLP_p0.5,0.5,0.0,0.5068305137083202,2.426086725493334,1.8126462679373212
block_4,2,sigma_local,MLP_p0.5,0.5,1.0,0.48175214275582057,2.4870068429715735,1.8938421665153609
block_4,2,sigma_local,MLP_p0.5,0.5,2.0,0.5940205851163709,2.201203675535522,1.6156688213349568
block_4,3,D50,Ridge,,,0.7576365796605701,1.0337553701630076,0.7196069198328598
block_4,3,D90,Ridge,,,0.26488411148101265,1.146958638131691,0.665599881870266
block_4,3,Span,Ridge,,,0.7839310321087484,0.3105062257663538,0.1701285600539013
block_4,3,Skewness,Ridge,,,0.650799260992792,0.15400397973675362,0.09259996280910265
block_4,3,sigma_local,Ridge,,,0.8802145306509661,2.4026206109843913,1.4170996834956782
block_4,3,D50,MLP_p0.3,0.3,0.0,0.7280747106943253,1.0949871984853596,0.7361742314420794
block_4,3,D50,MLP_p0.3,0.3,1.0,0.7422994230869071,1.0659625268201915,0.6598517233968946
block_4,3,D50,MLP_p0.3,0.3,2.0,0.7242860663998916,1.1025888578090128,0.7139786031782225
block_4,3,D50,MLP_p0.5,0.5,0.0,0.7267009355746329,1.0977496687535095,0.7023061912319069
block_4,3,D50,MLP_p0.5,0.5,1.0,0.7221359579948796,1.1068796849465559,0.712468918386052
block_4,3,D50,MLP_p0.5,0.5,2.0,0.7237764784170303,1.103607316773367,0.7627865402370775
block_4,3,D90,MLP_p0.3,0.3,0.0,0.17694487027850236,1.2136244430923964,0.6666892746621649
block_4,3,D90,MLP_p0.3,0.3,1.0,0.13342100613071972,1.245299834837172,0.7136896299364412
block_4,3,D90,MLP_p0.3,0.3,2.0,0.05337248603137634,1.3015456751028254,0.7517378216300106
block_4,3,D90,MLP_p0.5,0.5,0.0,0.10162029470912537,1.2679432558796744,0.7221155417365956
block_4,3,D90,MLP_p0.5,0.5,1.0,0.15271872864941138,1.2313560687294152,0.6933211273801678
block_4,3,D90,MLP_p0.5,0.5,2.0,0.17283664550929756,1.2166495356241844,0.6875104944692136
block_4,3,Span,MLP_p0.3,0.3,0.0,0.6818983410830426,0.37675331356756014,0.2178199537891612
block_4,3,Span,MLP_p0.3,0.3,1.0,0.7569371804104565,0.32933158128258905,0.1978621810800414
block_4,3,Span,MLP_p0.3,0.3,2.0,0.7888915230444467,0.30692124409189014,0.18142848141218426
block_4,3,Span,MLP_p0.5,0.5,0.0,0.7635825780119507,0.32479837839150294,0.19055736406475887
block_4,3,Span,MLP_p0.5,0.5,1.0,0.7017799566148069,0.3647896671187805,0.1930387697420224
block_4,3,Span,MLP_p0.5,0.5,2.0,0.7336910291386814,0.34472042126079555,0.2194737246550027
block_4,3,Skewness,MLP_p0.3,0.3,0.0,0.6327690080078898,0.15792977977257827,0.09809603519519383
block_4,3,Skewness,MLP_p0.3,0.3,1.0,0.6117146307489709,0.16239396292409888,0.10417854732432769
block_4,3,Skewness,MLP_p0.3,0.3,2.0,0.6344668589334972,0.15756427158112576,0.09860415027707092
block_4,3,Skewness,MLP_p0.5,0.5,0.0,0.6225121412558996,0.1601201029939067,0.0914322169949826
block_4,3,Skewness,MLP_p0.5,0.5,1.0,0.6314926984304541,0.15820398383217543,0.09500455077836176
block_4,3,Skewness,MLP_p0.5,0.5,2.0,0.6097914832708509,0.16279562856860666,0.08953231940249667
block_4,3,sigma_local,MLP_p0.3,0.3,0.0,0.8590430925130578,2.6063114407630965,1.6464909803691938
block_4,3,sigma_local,MLP_p0.3,0.3,1.0,0.8371646971731564,2.801285749752107,1.595816094191715
block_4,3,sigma_local,MLP_p0.3,0.3,2.0,0.8144697805342591,2.990132669990593,1.885755193098019
block_4,3,sigma_local,MLP_p0.5,0.5,0.0,0.8448965088887844,2.7339710750571737,1.6272144061846028
block_4,3,sigma_local,MLP_p0.5,0.5,1.0,0.8055680792778568,3.0610252506304585,1.832971753123788
block_4,3,sigma_local,MLP_p0.5,0.5,2.0,0.8459447717524413,2.7247166763576005,1.5817138500015435
block_4,4,D50,Ridge,,,0.7499353783528997,0.9833606368935678,0.5620810698979053
block_4,4,D90,Ridge,,,0.44237393693377725,1.201020968536484,0.8535926686834117
block_4,4,Span,Ridge,,,0.6899010939672231,0.35281609737539193,0.24134534761373105
block_4,4,Skewness,Ridge,,,0.6982068376763224,0.14878718435543206,0.09694423782000872
block_4,4,sigma_local,Ridge,,,0.8467143775266063,2.6142778113320406,1.5498079106479228
block_4,4,D50,MLP_p0.3,0.3,0.0,0.6844618368636934,1.1046193321719782,0.743483978617121
block_4,4,D50,MLP_p0.3,0.3,1.0,0.6902218527423327,1.0944907162276691,0.6713644152106291
block_4,4,D50,MLP_p0.3,0.3,2.0,0.7051699220951635,1.0677573920670016,0.6778174728328867
block_4,4,D50,MLP_p0.5,0.5,0.0,0.6969769953836158,1.082491495846903,0.6689875695256902
block_4,4,D50,MLP_p0.5,0.5,1.0,0.7118880190464074,1.0555221524961966,0.6009923881155999
block_4,4,D50,MLP_p0.5,0.5,2.0,0.7044663962958773,1.06903057844804,0.6528202254354021
block_4,4,D90,MLP_p0.3,0.3,0.0,0.3663386273211895,1.2802879990380285,0.857894641404922
block_4,4,D90,MLP_p0.3,0.3,1.0,0.3938395241506861,1.2521975948240345,0.8725517897470993
block_4,4,D90,MLP_p0.3,0.3,2.0,0.33795957391199427,1.308643379665453,0.8339203152773109
block_4,4,D90,MLP_p0.5,0.5,0.0,0.4089920856466738,1.2364475718466397,0.8553270931200281
block_4,4,D90,MLP_p0.5,0.5,1.0,0.3672530755634775,1.2793638620690522,0.9079300636902126
block_4,4,D90,MLP_p0.5,0.5,2.0,0.41644857258267975,1.2286229559549873,0.8501751695006767
block_4,4,Span,MLP_p0.3,0.3,0.0,0.5996251673942625,0.40089594158415537,0.2888275378759433
block_4,4,Span,MLP_p0.3,0.3,1.0,0.621889088149725,0.3895900710676633,0.24703931044474725
block_4,4,Span,MLP_p0.3,0.3,2.0,0.5705707396698174,0.41518732924761426,0.270726213880494
block_4,4,Span,MLP_p0.5,0.5,0.0,0.6041695981169795,0.39861427585973835,0.27053518139823174
block_4,4,Span,MLP_p0.5,0.5,1.0,0.617043823626567,0.3920783066619387,0.26054406432324706
block_4,4,Span,MLP_p0.5,0.5,2.0,0.6130366930278329,0.3941242593635868,0.27442708253351755
block_4,4,Skewness,MLP_p0.3,0.3,0.0,0.5920076343475489,0.17299631236519297,0.11561961847835245
block_4,4,Skewness,MLP_p0.3,0.3,1.0,0.5597270253878684,0.17970983328630988,0.1262125670608581
block_4,4,Skewness,MLP_p0.3,0.3,2.0,0.5910722021543593,0.17319451909907096,0.11585626271035565
block_4,4,Skewness,MLP_p0.5,0.5,0.0,0.620160828344267,0.16692089415382916,0.10622267230508475
block_4,4,Skewness,MLP_p0.5,0.5,1.0,0.6160567520818598,0.16782024260359638,0.10230343366652228
block_4,4,Skewness,MLP_p0.5,0.5,2.0,0.6209777601989628,0.16674129657041786,0.11245539726265275
block_4,4,sigma_local,MLP_p0.3,0.3,0.0,0.8293393283989754,2.7584667353694647,1.8550916176004062
block_4,4,sigma_local,MLP_p0.3,0.3,1.0,0.8526924022374816,2.562793415858533,1.4706063728494296
block_4,4,sigma_local,MLP_p0.3,0.3,2.0,0.8395059257096977,2.675041518822292,1.6223116303416507
block_4,4,sigma_local,MLP_p0.5,0.5,0.0,0.7997191085020722,2.9882765300165968,2.0423744870096208
block_4,4,sigma_local,MLP_p0.5,0.5,1.0,0.8202289815618666,2.831136868000008,1.9459844018498877
block_4,4,sigma_local,MLP_p0.5,0.5,2.0,0.831308502654359,2.742506228087467,1.7424981915841649
block_6,0,D50,Ridge,,,0.5853647112452762,1.2916132838486656,0.6973813831632816
block_6,0,D90,Ridge,,,0.22357820076304058,1.0978886981758187,0.7796191945211337
block_6,0,Span,Ridge,,,0.6381964745648605,0.3224993512632964,0.20117495237138416
block_6,0,Skewness,Ridge,,,0.5104095133069175,0.16183088944618088,0.1072644095998517
block_6,0,sigma_local,Ridge,,,0.817701513752518,3.109573501032339,1.826369854803021
block_6,0,D50,MLP_p0.3,0.3,0.0,0.5111025024947735,1.4025174695482256,0.8344185155336961
block_6,0,D50,MLP_p0.3,0.3,1.0,0.5676542897353591,1.318909357292979,0.7056405822564309
block_6,0,D50,MLP_p0.3,0.3,2.0,0.5335866484183671,1.3698873629389483,0.8229921912533746
block_6,0,D50,MLP_p0.5,0.5,0.0,0.5095087009897363,1.4048017066695637,0.8423729751754001
block_6,0,D50,MLP_p0.5,0.5,1.0,0.5591148872456202,1.331870775436814,0.7072169363723058
block_6,0,D50,MLP_p0.5,0.5,2.0,0.5153515407048572,1.3964094865931924,0.8061771798029644
block_6,0,D90,MLP_p0.3,0.3,0.0,0.15580135802597594,1.1448056886855553,0.8670138568766976
block_6,0,D90,MLP_p0.3,0.3,1.0,0.20733333125288622,1.1093146604889856,0.85912089528275
block_6,0,D90,MLP_p0.3,0.3,2.0,0.16243520808403134,1.1402987826925177,0.8167578094522892
block_6,0,D90,MLP_p0.5,0.5,0.0,0.20929946056379933,1.1079380350377617,0.847411199361261
block_6,0,D90,MLP_p0.5,0.5,1.0,0.20965084626028319,1.1076918249867782,0.8189137387737588
block_6,0,D90,MLP_p0.5,0.5,2.0,0.18053223711021915,1.1279124513260221,0.8239258457958432
block_6,0,Span,MLP_p0.3,0.3,0.0,0.5209496513981318,0.3710932274651926,0.23206257186470003
block_6,0,Span,MLP_p0.3,0.3,1.0,0.5938087714156836,0.341710023756227,0.23075782719535565
block_6,0,Span,MLP_p0.3,0.3,2.0,0.6249794826597839,0.328337103376633,0.2053639379021135
block_6,0,Span,MLP_p0.5,0.5,0.0,0.5395730136836696,0.3638084930325757,0.24105189534138127
block_6,0,Span,MLP_p0.5,0.5,1.0,0.535960919092662,0.3652327616545481,0.24318513175384404
block_6,0,Span,MLP_p0.5,0.5,2.0,0.5867056552868124,0.3446848375587815,0.22560920225530734
block_6,0,Skewness,MLP_p0.3,0.3,0.0,0.40361925988562897,0.17861039902498718,0.09559217876529785
block_6,0,Skewness,MLP_p0.3,0.3,1.0,0.3894449673004713,0.18072046842366182,0.10695595981980052
block_6,0,Skewness,MLP_p0.3,0.3,2.0,0.449670005244286,0.17157599568040477,0.11083341298411578
block_6,0,Skewness,MLP_p0.5,0.5,0.0,0.4119991822066652,0.1773511059055168,0.10738843085084769
block_6,0,Skewness,MLP_p0.5,0.5,1.0,0.45089407513389423,0.17138507575344333,0.10643499628706624
block_6,0,Skewness,MLP_p0.5,0.5,2.0,0.4629164622561369,0.16949849888770568,0.10524948610911555
block_6,0,sigma_local,MLP_p0.3,0.3,0.0,0.6975356900813301,4.005404336020766,2.4643394956611875
block_6,0,sigma_local,MLP_p0.3,0.3,1.0,0.7050269186927305,3.955491794533781,2.264972747403471
block_6,0,sigma_local,MLP_p0.3,0.3,2.0,0.7291555433684856,3.7902623468866845,2.1280438121595875
block_6,0,sigma_local,MLP_p0.5,0.5,0.0,0.6956310585758566,4.017995651673796,2.27211067473495
block_6,0,sigma_local,MLP_p0.5,0.5,1.0,0.6919975821994223,4.041907388081522,2.7077066761683266
block_6,0,sigma_local,MLP_p0.5,0.5,2.0,0.6673571762152525,4.200474715447594,2.3886998680419858
block_6,1,D50,Ridge,,,0.8324069332466199,0.900728849223383,0.5120203947509676
block_6,1,D90,Ridge,,,0.2166769471758958,1.4180713464495756,0.877112128466516
block_6,1,Span,Ridge,,,0.8540045961907538,0.30356218218157993,0.18573409000303354
block_6,1,Skewness,Ridge,,,0.7228666047130243,0.15790689616581016,0.09441804398732415
block_6,1,sigma_local,Ridge,,,0.7641294976453527,2.3100556073881044,1.6253926190280081
block_6,1,D50,MLP_p0.3,0.3,0.0,0.8260801066770489,0.9175731124732548,0.6386254038722567
block_6,1,D50,MLP_p0.3,0.3,1.0,0.8316562688644733,0.9027438181014422,0.5814703413316056
block_6,1,D50,MLP_p0.3,0.3,2.0,0.815067688247811,0.9461771334867602,0.6096853322807854
block_6,1,D50,MLP_p0.5,0.5,0.0,0.8230128426406357,0.9256289428690915,0.6196760653128677
block_6,1,D50,MLP_p0.5,0.5,1.0,0.8163623762091503,0.9428592824969034,0.5988292133824924
block_6,1,D50,MLP_p0.5,0.5,2.0,0.8162861877376173,0.9430548512394417,0.6312229422434932
block_6,1,D90,MLP_p0.3,0.3,0.0,0.16711683231977614,1.462243402204237,0.9220093768944633
block_6,1,D90,MLP_p0.3,0.3,1.0,0.19913624616097259,1.4338606522363488,0.9346654125073446
block_6,1,D90,MLP_p0.3,0.3,2.0,0.16776949030071764,1.461670373539425,0.9076225098673447
block_6,1,D90,MLP_p0.5,0.5,0.0,0.20791806876339147,1.4259775264589432,0.9272668424494803
block_6,1,D90,MLP_p0.5,0.5,1.0,0.17550757179808185,1.4548591964643103,0.9555417323772044
block_6,1,D90,MLP_p0.5,0.5,2.0,0.18457839742453253,1.4468340943270508,0.9414683086594096
block_6,1,Span,MLP_p0.3,0.3,0.0,0.8348100695460615,0.322901349057143,0.1979664125667976
block_6,1,Span,MLP_p0.3,0.3,1.0,0.8030457920028937,0.35258246227221174,0.2512979677498095
block_6,1,Span,MLP_p0.3,0.3,2.0,0.8173026555571874,0.33958163241008726,0.24314899728472028
block_6,1,Span,MLP_p0.5,0.5,0.0,0.8169048414025005,0.3399511422196196,0.22424846515547503
block_6,1,Span,MLP_p0.5,0.5,1.0,0.790349053809892,0.3637696713419746,0.25179245923244964
block_6,1,Span,MLP_p0.5,0.5,2.0,0.8172708593476465,0.3396111811126843,0.22054461747855436
block_6,1,Skewness,MLP_p0.3,0.3,0.0,0.713298624519502,0.1606096198200174,0.09237927986155112
block_6,1,Skewness,MLP_p0.3,0.3,1.0,0.6626416403600393,0.17422176291824235,0.10528709442120729
block_6,1,Skewness,MLP_p0.3,0.3,2.0,0.6954273728374922,0.1655396758796498,0.10247349799471811
block_6,1,Skewness,MLP_p0.5,0.5,0.0,0.7243549313682942,0.1574823110514886,0.09940356186577018
block_6,1,Skewness,MLP_p0.5,0.5,1.0,0.6819264963631649,0.16916885591087377,0.09870646742809067
block_6,1,Skewness,MLP_p0.5,0.5,2.0,0.7161735201857236,0.1598023351452726,0.09551543485088851
block_6,1,sigma_local,MLP_p0.3,0.3,0.0,0.6767521939751735,2.704290927994291,1.769946103889592
block_6,1,sigma_local,MLP_p0.3,0.3,1.0,0.6014492453666647,3.00280711470823,1.6649481654629996
block_6,1,sigma_local,MLP_p0.3,0.3,2.0,0.6822883452953066,2.6810331970746906,1.650414961084583
block_6,1,sigma_local,MLP_p0.5,0.5,0.0,0.6602278524080766,2.772550759609489,1.805085323900637
block_6,1,sigma_local,MLP_p0.5,0.5,1.0,0.6448091098499829,2.834761511622687,1.5338482424605386
block_6,1,sigma_local,MLP_p0.5,0.5,2.0,0.6684575586933236,2.7387676149777036,1.8055237063668708
block_6,2,D50,Ridge,,,0.7641376180676458,0.9187486934777431,0.6010998276063368
block_6,2,D90,Ridge,,,0.4411727722831298,1.2645812532347598,0.7365769892896843
block_6,2,Span,Ridge,,,0.7180624884636697,0.3687685653705027,0.27079453681235854
block_6,2,Skewness,Ridge,,,0.6933367340205195,0.1567877569096702,0.10961370032707296
block_6,2,sigma_local,Ridge,,,0.6083581085400067,2.1619855768572664,1.3940012934885981
block_6,2,D50,MLP_p0.3,0.3,0.0,0.7028227722231044,1.0312765867115221,0.722908563900269
block_6,2,D50,MLP_p0.3,0.3,1.0,0.7090431819873941,1.0204263477326143,0.5555293785460131
block_6,2,D50,MLP_p0.3,0.3,2.0,0.747061881178825,0.9514249510591237,0.5920381945117015
block_6,2,D50,MLP_p0.5,0.5,0.0,0.739434147158621,0.9656642305087072,0.6172528971021416
block_6,2,D50,MLP_p0.5,0.5,1.0,0.729691579563907,0.983551673814228,0.5342568146221272
block_6,2,D50,MLP_p0.5,0.5,2.0,0.7480838090150894,0.9495010186341741,0.5613049045268319
block_6,2,D90,MLP_p0.3,0.3,0.0,0.3302441631977783,1.3844147375223204,0.8713837533330739
block_6,2,D90,MLP_p0.3,0.3,1.0,0.3725352966977107,1.3399932496236286,0.8001656415741287
block_6,2,D90,MLP_p0.3,0.3,2.0,0.34902969064343314,1.3648613975340604,0.8859349160528005
block_6,2,D90,MLP_p0.5,0.5,0.0,0.333874920080682,1.3806571711560929,0.7962317954934406
block_6,2,D90,MLP_p0.5,0.5,1.0,0.37259077988647027,1.339934004265594,0.8488876532813094
block_6,2,D90,MLP_p0.5,0.5,2.0,0.3615451712325599,1.3516773869905472,0.8667919235311601
block_6,2,Span,MLP_p0.3,0.3,0.0,0.6840760541261353,0.39036307930457814,0.3020969395763662
block_6,2,Span,MLP_p0.3,0.3,1.0,0.7025650841315528,0.3787681363924773,0.29629084014632445
block_6,2,Span,MLP_p0.3,0.3,2.0,0.7111154800751671,0.373284191378836,0.24592862182652198
block_6,2,Span,MLP_p0.5,0.5,0.0,0.7133767905959677,0.3718203368324504,0.28159925039972045
block_6,2,Span,MLP_p0.5,0.5,1.0,0.7262515025686784,0.36337356916721225,0.26678785780193426
block_6,2,Span,MLP_p0.5,0.5,2.0,0.7104377462843066,0.3737218041393826,0.26251368109863105
block_6,2,Skewness,MLP_p0.3,0.3,0.0,0.6400582474326024,0.16986244931264016,0.11417759317059384
block_6,2,Skewness,MLP_p0.3,0.3,1.0,0.6892070832951342,0.15783991003384965,0.10495710897102639
block_6,2,Skewness,MLP_p0.3,0.3,2.0,0.6865733027896272,0.1585072975991676,0.10020273117563128
block_6,2,Skewness,MLP_p0.5,0.5,0.0,0.6532389939791327,0.16672333758620542,0.11668429752611797
block_6,2,Skewness,MLP_p0.5,0.5,1.0,0.6757775964552313,0.1612140094213512,0.102008353211966
block_6,2,Skewness,MLP_p0.5,0.5,2.0,0.6773936828286347,0.1608117219286792,0.11081624659439393
block_6,2,sigma_local,MLP_p0.3,0.3,0.0,0.6030070238308013,2.176705297336298,1.4519731047373323
block_6,2,sigma_local,MLP_p0.3,0.3,1.0,0.6558687683842129,2.026610400270275,1.2808299209515877
block_6,2,sigma_local,MLP_p0.3,0.3,2.0,0.63353761478223,2.0913317202439017,1.4299892989009386
block_6,2,sigma_local,MLP_p0.5,0.5,0.0,0.5869022081770598,2.2204175914756887,1.4873559512428294
block_6,2,sigma_local,MLP_p0.5,0.5,1.0,0.6567683219238191,2.0239599034490876,1.3936426817644687
block_6,2,sigma_local,MLP_p0.5,0.5,2.0,0.6452601030115493,2.057610845831852,1.413044837855491
block_6,3,D50,Ridge,,,0.7549794273372076,1.0394067133135143,0.71408322120404
block_6,3,D90,Ridge,,,0.29169519266175314,1.1258484817737613,0.6290605984962969
block_6,3,Span,Ridge,,,0.7506780114339755,0.33354497693212615,0.20489664782640882
block_6,3,Skewness,Ridge,,,0.6546241739622773,0.15315822875602883,0.09989006153140984
block_6,3,sigma_local,Ridge,,,0.8781732192049807,2.4230061313570923,1.5233590736949063
block_6,3,D50,MLP_p0.3,0.3,0.0,0.7196962583447593,1.1117283732032757,0.7931112084331744
block_6,3,D50,MLP_p0.3,0.3,1.0,0.7272935326717084,1.0965588921124623,0.7741476994238861
block_6,3,D50,MLP_p0.3,0.3,2.0,0.7144851689509022,1.12201478184162,0.7786134479872078
block_6,3,D50,MLP_p0.5,0.5,0.0,0.7402413705676454,1.0702105658413483,0.7028417618150584
block_6,3,D50,MLP_p0.5,0.5,1.0,0.7286228936834125,1.0938829316114256,0.6719430299560059
block_6,3,D50,MLP_p0.5,0.5,2.0,0.7081715931566559,1.1343524786477794,0.7021280369933418
block_6,3,D90,MLP_p0.3,0.3,0.0,0.151303423026504,1.2323840732776143,0.7056554924074288
block_6,3,D90,MLP_p0.3,0.3,1.0,0.1119336728271032,1.260644267817163,0.7707558662329657
block_6,3,D90,MLP_p0.3,0.3,2.0,0.1086242762941173,1.2629909913294084,0.7707749083490842
block_6,3,D90,MLP_p0.5,0.5,0.0,0.12568988296199268,1.2508424274996732,0.7221512235883889
block_6,3,D90,MLP_p0.5,0.5,1.0,0.16123469796382595,1.225152300800473,0.7009470222892631
block_6,3,D90,MLP_p0.5,0.5,2.0,0.15176163229914919,1.2320513477403527,0.682523661312116
block_6,3,Span,MLP_p0.3,0.3,0.0,0.7561077662125225,0.32989299924045057,0.19420681612014268
block_6,3,Span,MLP_p0.3,0.3,1.0,0.7454350200543916,0.33703378898256964,0.21091067787658435
block_6,3,Span,MLP_p0.3,0.3,2.0,0.760739108351711,0.32674576858315457,0.2131262276807846
block_6,3,Span,MLP_p0.5,0.5,0.0,0.740871256307603,0.3400414883546089,0.2089753118246176
block_6,3,Span,MLP_p0.5,0.5,1.0,0.7609413010625651,0.32660767753177683,0.19773088220816915
block_6,3,Span,MLP_p0.5,0.5,2.0,0.7554451202741155,0.3303408486256606,0.1982407375279278
block_6,3,Skewness,MLP_p0.3,0.3,0.0,0.5853734505958011,0.16781196413672822,0.11485447341308408
block_6,3,Skewness,MLP_p0.3,0.3,1.0,0.6022585339577926,0.16435949641635256,0.1118811339293761
block_6,3,Skewness,MLP_p0.3,0.3,2.0,0.5849845358938508,0.16789064848888235,0.12590722859400671
block_6,3,Skewness,MLP_p0.5,0.5,0.0,0.6235352097682388,0.1599029768339612,0.10777269486237401
block_6,3,Skewness,MLP_p0.5,0.5,1.0,0.6118738033569187,0.16236067385082095,0.1171801100038363
block_6,3,Skewness,MLP_p0.5,0.5,2.0,0.6013794419500269,0.16454103063321246,0.1209155984480772
block_6,3,sigma_local,MLP_p0.3,0.3,0.0,0.8475532990885224,2.7104546424057125,1.6967029873573063
block_6,3,sigma_local,MLP_p0.3,0.3,1.0,0.8386170383377082,2.788765323079617,1.471233213427281
block_6,3,sigma_local,MLP_p0.3,0.3,2.0,0.8382498027639572,2.791936512488442,1.4953511879639256
block_6,3,sigma_local,MLP_p0.5,0.5,0.0,0.8251380195808482,2.9028916442083004,1.640589123426487
block_6,3,sigma_local,MLP_p0.5,0.5,1.0,0.8571765870406614,2.6235106551429874,1.5481211329543392
block_6,3,sigma_local,MLP_p0.5,0.5,2.0,0.8292273887511785,2.8687469326067534,1.5014540330262958
block_6,4,D50,Ridge,,,0.7609196839342997,0.9615206234742522,0.5750800530002396
block_6,4,D90,Ridge,,,0.41450361859933016,1.23066872877636,0.868552455515502
block_6,4,Span,Ridge,,,0.7074678081094138,0.3426771192734195,0.2296829218671137
block_6,4,Skewness,Ridge,,,0.6908246692843686,0.1505959333202219,0.09425924238943256
block_6,4,sigma_local,Ridge,,,0.8387988316267954,2.6809278023092484,1.4091995234039185
block_6,4,D50,MLP_p0.3,0.3,0.0,0.6875592021529076,1.0991844154222405,0.7614516474368971
block_6,4,D50,MLP_p0.3,0.3,1.0,0.6976785873422062,1.081237618373537,0.757398138042209
block_6,4,D50,MLP_p0.3,0.3,2.0,0.6611910544437605,1.1446273724661862,0.7136494290179201
block_6,4,D50,MLP_p0.5,0.5,0.0,0.6827190595137878,1.1076656430646532,0.6621417931187858
block_6,4,D50,MLP_p0.5,0.5,1.0,0.6878759029368704,1.0986271885364585,0.6783483272856294
block_6,4,D50,MLP_p0.5,0.5,2.0,0.6617404355761715,1.1436989852246375,0.6922149339460439
block_6,4,D90,MLP_p0.3,0.3,0.0,0.346315260515473,1.3003588892251567,0.9088671204683259
block_6,4,D90,MLP_p0.3,0.3,1.0,0.33978224241541843,1.306840720089112,0.8843001235826762
block_6,4,D90,MLP_p0.3,0.3,2.0,0.3247084979697933,1.3216750752429929,0.8990524819426184
block_6,4,D90,MLP_p0.5,0.5,0.0,0.3552464099791125,1.2914450802652095,0.9073416340021723
block_6,4,D90,MLP_p0.5,0.5,1.0,0.35946294166059367,1.2872152850842,0.8806218154372125
block_6,4,D90,MLP_p0.5,0.5,2.0,0.2818949549198252,1.3629284169473177,0.9443649246031924
block_6,4,Span,MLP_p0.3,0.3,0.0,0.6481974814467105,0.3757921872371762,0.24052690884882377
block_6,4,Span,MLP_p0.3,0.3,1.0,0.5994788372326099,0.4009691952005715,0.2446233824219144
block_6,4,Span,MLP_p0.3,0.3,2.0,0.6449594125441795,0.3775176634981418,0.2516570169720391
block_6,4,Span,MLP_p0.5,0.5,0.0,0.6303026365457904,0.3852311980955029,0.25502349725224205
block_6,4,Span,MLP_p0.5,0.5,1.0,0.6408104579496572,0.37971706596277627,0.22591491198623315
block_6,4,Span,MLP_p0.5,0.5,2.0,0.6627089711538174,0.3679600504790905,0.2597715191553056
block_6,4,Skewness,MLP_p0.3,0.3,0.0,0.6335426325672333,0.16395420363343943,0.12140395894198386
block_6,4,Skewness,MLP_p0.3,0.3,1.0,0.6084718820648158,0.16946979563694647,0.12016063810579636
block_6,4,Skewness,MLP_p0.3,0.3,2.0,0.5986062315759556,0.1715916460171317,0.12497286063645818
block_6,4,Skewness,MLP_p0.5,0.5,0.0,0.6489330989332878,0.1604744035612443,0.10785300437690659
block_6,4,Skewness,MLP_p0.5,0.5,1.0,0.6389839268930909,0.1627324250344022,0.12001478832712908
block_6,4,Skewness,MLP_p0.5,0.5,2.0,0.6353686562439138,0.16354520907147857,0.11249078218223496
block_6,4,sigma_local,MLP_p0.3,0.3,0.0,0.867463281053041,2.430911417773865,1.2295913544149073
block_6,4,sigma_local,MLP_p0.3,0.3,1.0,0.854920347402507,2.5433391672169248,1.279981828346667
block_6,4,sigma_local,MLP_p0.3,0.3,2.0,0.8529037184243372,2.5609545626696373,1.243944126720062
block_6,4,sigma_local,MLP_p0.5,0.5,0.0,0.8533304081662265,2.5572375189151644,1.2987840660739742
block_6,4,sigma_local,MLP_p0.5,0.5,1.0,0.8434342574008981,2.6421008880998884,1.1794181531145327
block_6,4,sigma_local,MLP_p0.5,0.5,2.0,0.8480918230771359,2.602505175187641,1.539183178095005
block_9,0,D50,Ridge,,,0.49578353868337266,1.4243210160066015,0.7941839785805604
block_9,0,D90,Ridge,,,0.18884385263695924,1.122177834436379,0.7865500411812292
block_9,0,Span,Ridge,,,0.5723475064802097,0.35062102295869474,0.22904428057484993
block_9,0,Skewness,Ridge,,,0.3998693994282011,0.17917104301165,0.10779958952771912
block_9,0,sigma_local,Ridge,,,0.6761438109550125,4.144626466954078,2.31702845428814
block_9,0,D50,MLP_p0.3,0.3,0.0,0.3573855782910703,1.6079576501796176,0.948539722048408
block_9,0,D50,MLP_p0.3,0.3,1.0,0.38580306166015566,1.5720023681602626,0.9287987669007247
block_9,0,D50,MLP_p0.3,0.3,2.0,0.2601940411234701,1.7252748237476163,1.079176564221489
block_9,0,D50,MLP_p0.5,0.5,0.0,0.3536552276265288,1.612617961221117,0.8973111407166474
block_9,0,D50,MLP_p0.5,0.5,1.0,0.3574839262796632,1.6078346017027145,0.9668382786703824
block_9,0,D50,MLP_p0.5,0.5,2.0,0.29242784940904365,1.6872705950420523,1.068933647736526
block_9,0,D90,MLP_p0.3,0.3,0.0,0.12822398561983994,1.1633540662619053,0.8385514509908738
block_9,0,D90,MLP_p0.3,0.3,1.0,0.11605330025466565,1.1714465928780324,0.7838429964499785
block_9,0,D90,MLP_p0.3,0.3,2.0,0.025618075014331665,1.2299120705849544,0.8204512705127076
block_9,0,D90,MLP_p0.5,0.5,0.0,0.0921057097068847,1.1872087714739603,0.8969720492521205
block_9,0,D90,MLP_p0.5,0.5,1.0,0.08808108023646644,1.1898372668556003,0.8587565326941959
block_9,0,D90,MLP_p0.5,0.5,2.0,0.12079011186052102,1.1683036570172272,0.8484451900453003
block_9,0,Span,MLP_p0.3,0.3,0.0,0.3544116069059743,0.4307946538001501,0.25220005871714113
block_9,0,Span,MLP_p0.3,0.3,1.0,0.3577083185767891,0.42969331469586275,0.2750310561161422
block_9,0,Span,MLP_p0.3,0.3,2.0,0.41263392193228354,0.41091015926963664,0.2769059783755081
block_9,0,Span,MLP_p0.5,0.5,0.0,0.36005825709218675,0.42890653963489134,0.2646872715083446
block_9,0,Span,MLP_p0.5,0.5,1.0,0.3449202155948634,0.4339498543045135,0.2835616949017431
block_9,0,Span,MLP_p0.5,0.5,2.0,0.4378785084957181,0.4019828668382001,0.24456790061273692
block_9,0,Skewness,MLP_p0.3,0.3,0.0,0.13813440445428937,0.2147161484348005,0.13292066808200836
block_9,0,Skewness,MLP_p0.3,0.3,1.0,0.1594569674074947,0.21204347464783685,0.1427720992966415
block_9,0,Skewness,MLP_p0.3,0.3,2.0,0.30236034254610644,0.1931792679491848,0.11366061263410099
block_9,0,Skewness,MLP_p0.5,0.5,0.0,0.1929120634134699,0.20778077600390185,0.11876191109797365
block_9,0,Skewness,MLP_p0.5,0.5,1.0,0.1537914688311367,0.2127568911067538,0.11695763300552606
block_9,0,Skewness,MLP_p0.5,0.5,2.0,0.24104040711556662,0.20149035553837708,0.12450853086060143
block_9,0,sigma_local,MLP_p0.3,0.3,0.0,0.6154553630825503,4.516298879085582,2.468970695653624
block_9,0,sigma_local,MLP_p0.3,0.3,1.0,0.6266137938431461,4.450291209887084,2.609430580387439
block_9,0,sigma_local,MLP_p0.3,0.3,2.0,0.64503755315068,4.3391084034998375,2.733530965609562
block_9,0,sigma_local,MLP_p0.5,0.5,0.0,0.5755009577685452,4.74512494957594,2.548277643118883
block_9,0,sigma_local,MLP_p0.5,0.5,1.0,0.6516318165143954,4.298614877743945,2.5119390921607465
block_9,0,sigma_local,MLP_p0.5,0.5,2.0,0.6754615570674731,4.148989823190264,2.66507436779821
block_9,1,D50,Ridge,,,0.7099537591591182,1.1849490289426934,0.8189103567271738
block_9,1,D90,Ridge,,,0.14695536476355253,1.4798357194809035,0.8881292733070492
block_9,1,Span,Ridge,,,0.7153223358609501,0.4238915615695369,0.2735904235384108
block_9,1,Skewness,Ridge,,,0.5460845773225638,0.20208967958653984,0.1352866251321423
block_9,1,sigma_local,Ridge,,,0.75400691298347,2.3591039055664007,1.547204655380635
block_9,1,D50,MLP_p0.3,0.3,0.0,0.6904182972406895,1.224203709492523,0.8499383205157653
block_9,1,D50,MLP_p0.3,0.3,1.0,0.734760100724849,1.133144971773153,0.7667606908422675
block_9,1,D50,MLP_p0.3,0.3,2.0,0.644002342915305,1.3127729479330412,0.918225233009812
block_9,1,D50,MLP_p0.5,0.5,0.0,0.7050509354868906,1.1949220089435406,0.8111981938728063
block_9,1,D50,MLP_p0.5,0.5,1.0,0.7106707550220248,1.1834835225200768,0.7956726321007865
block_9,1,D50,MLP_p0.5,0.5,2.0,0.6674719697099255,1.2687620464128577,0.9044760601182267
block_9,1,D90,MLP_p0.3,0.3,0.0,0.128150853069115,1.4960575539083618,0.9042521586688057
block_9,1,D90,MLP_p0.3,0.3,1.0,0.14650557460973423,1.4802258091612748,0.9825075697106094
block_9,1,D90,MLP_p0.3,0.3,2.0,0.11644452782368864,1.5060678520428212,0.8780815737396406
block_9,1,D90,MLP_p0.5,0.5,0.0,0.14235926529619713,1.483816950418441,0.9148049227908572
block_9,1,D90,MLP_p0.5,0.5,1.0,0.15173384014139035,1.4756851223456355,1.002069090280667
block_9,1,D90,MLP_p0.5,0.5,2.0,0.10062032282253697,1.5194946060898538,0.9245263788486096
block_9,1,Span,MLP_p0.3,0.3,0.0,0.7318100867805654,0.4114331627191479,0.2514748786497667
block_9,1,Span,MLP_p0.3,0.3,1.0,0.6546540753079286,0.4668799696793652,0.3084953191665911
block_9,1,Span,MLP_p0.3,0.3,2.0,0.7316248605432413,0.41157521702295236,0.287119755689075
block_9,1,Span,MLP_p0.5,0.5,0.0,0.6996875074347317,0.4353762893362637,0.281674578194996
block_9,1,Span,MLP_p0.5,0.5,1.0,0.6559316735081706,0.4660155643696752,0.30717867586078995
block_9,1,Span,MLP_p0.5,0.5,2.0,0.7258674214287344,0.4159665420646603,0.2796000095922302
block_9,1,Skewness,MLP_p0.3,0.3,0.0,0.5734305856809294,0.19590770730909568,0.13077821379818733
block_9,1,Skewness,MLP_p0.3,0.3,1.0,0.505846620960965,0.21085677049513135,0.12952355809874821
block_9,1,Skewness,MLP_p0.3,0.3,2.0,0.5330033462778334,0.2049809729188544,0.12815974229335436
block_9,1,Skewness,MLP_p0.5,0.5,0.0,0.5601221215748845,0.19894028083799828,0.11426900604020224
block_9,1,Skewness,MLP_p0.5,0.5,1.0,0.5184222278645121,0.20815645471495303,0.12507369316426226
block_9,1,Skewness,MLP_p0.5,0.5,2.0,0.5722148915024248,0.19618667059728506,0.12815253168075094
block_9,1,sigma_local,MLP_p0.3,0.3,0.0,0.6781164739803935,2.698578111025385,1.8591026438307177
block_9,1,sigma_local,MLP_p0.3,0.3,1.0,0.6653622510385948,2.751522594246374,1.6709223142975533
block_9,1,sigma_local,MLP_p0.3,0.3,2.0,0.6039875078473971,2.99322980639404,2.211914986796927
block_9,1,sigma_local,MLP_p0.5,0.5,0.0,0.6563852280108401,2.7881846456428026,1.716612267353863
block_9,1,sigma_local,MLP_p0.5,0.5,1.0,0.6867418798037737,2.662176142026061,1.7954702341094508
block_9,1,sigma_local,MLP_p0.5,0.5,2.0,0.6772076858339,2.702384934026574,1.8312305908792332
block_9,2,D50,Ridge,,,0.7461305994807853,0.9531748465946404,0.6017029787812378
block_9,2,D90,Ridge,,,0.38524633928889473,1.3263511615794363,0.8424813626706289
block_9,2,Span,Ridge,,,0.7060120056516408,0.3765670016317459,0.26425217041137294
block_9,2,Skewness,Ridge,,,0.6808934650494656,0.15993706339569594,0.11318649181792284
block_9,2,sigma_local,Ridge,,,0.6287183726160652,2.1050380584760884,1.3717670119138923
block_9,2,D50,MLP_p0.3,0.3,0.0,0.6928867168662587,1.048375093691356,0.6871933290269858
block_9,2,D50,MLP_p0.3,0.3,1.0,0.7228620338787392,0.9958992542412994,0.6227873681456719
block_9,2,D50,MLP_p0.3,0.3,2.0,0.7170806189409665,1.0062334354488007,0.6199628542054345
block_9,2,D50,MLP_p0.5,0.5,0.0,0.7521206659158807,0.9418626060759365,0.6235957761188429
block_9,2,D50,MLP_p0.5,0.5,1.0,0.7494392776097261,0.9469431149051302,0.6136578996095245
block_9,2,D50,MLP_p0.5,0.5,2.0,0.7525820015947544,0.9409857334901488,0.6181148630011455
block_9,2,D90,MLP_p0.3,0.3,0.0,0.28179635815984305,1.43361244305374,0.8502188164969198
block_9,2,D90,MLP_p0.3,0.3,1.0,0.3000271972824995,1.4153001192516423,0.9190264504858163
block_9,2,D90,MLP_p0.3,0.3,2.0,0.24096838525187203,1.4737977627670182,0.9374190133520273
block_9,2,D90,MLP_p0.5,0.5,0.0,0.29636746255779345,1.4189951702121424,0.8386149884513969
block_9,2,D90,MLP_p0.5,0.5,1.0,0.26726088971929984,1.4480469616603566,0.8939934306801476
block_9,2,D90,MLP_p0.5,0.5,2.0,0.24911171710154822,1.465870564499096,0.8976856550800711
block_9,2,Span,MLP_p0.3,0.3,0.0,0.642041665694884,0.41552169312230497,0.30784466014905654
block_9,2,Span,MLP_p0.3,0.3,1.0,0.6859982307223071,0.38917372407482936,0.24289809960819309
block_9,2,Span,MLP_p0.3,0.3,2.0,0.6932256830015675,0.38466879905096346,0.2688510074589465
block_9,2,Span,MLP_p0.5,0.5,0.0,0.682775934457728,0.39116548388391104,0.3012137313645189
block_9,2,Span,MLP_p0.5,0.5,1.0,0.6970172760280688,0.38228424117455717,0.28634044074752074
block_9,2,Span,MLP_p0.5,0.5,2.0,0.6304047200716603,0.4222218173945741,0.28611988224891727
block_9,2,Skewness,MLP_p0.3,0.3,0.0,0.5819071004454988,0.18307020362856763,0.11998009108044438
block_9,2,Skewness,MLP_p0.3,0.3,1.0,0.6372503826635676,0.17052370107672668,0.1288827854391007
block_9,2,Skewness,MLP_p0.3,0.3,2.0,0.6042989859507579,0.1781003816884567,0.12332218108665916
block_9,2,Skewness,MLP_p0.5,0.5,0.0,0.5962454524083345,0.17990365305936554,0.1299952917064695
block_9,2,Skewness,MLP_p0.5,0.5,1.0,0.652751517723603,0.1668404861746507,0.1303095326209931
block_9,2,Skewness,MLP_p0.5,0.5,2.0,0.6447877709500045,0.168742789078859,0.128137548565474
block_9,2,sigma_local,MLP_p0.3,0.3,0.0,0.5840003755595129,2.228202678416814,1.7305254582217522
block_9,2,sigma_local,MLP_p0.3,0.3,1.0,0.5224500791780866,2.3873583417157214,1.3842856839952393
block_9,2,sigma_local,MLP_p0.3,0.3,2.0,0.6672075913516857,1.9929432317907905,1.4081198880881427
block_9,2,sigma_local,MLP_p0.5,0.5,0.0,0.5841159168830935,2.227893222169407,1.5168061374018293
block_9,2,sigma_local,MLP_p0.5,0.5,1.0,0.4505862921726821,2.5606956757262713,1.7237429485108215
block_9,2,sigma_local,MLP_p0.5,0.5,2.0,0.6495151273822652,2.045233330465695,1.5107252933082318
block_9,3,D50,Ridge,,,0.688259180663266,1.172414223267667,0.8268122450782531
block_9,3,D90,Ridge,,,0.23630871978707824,1.1690383753693219,0.6854318148656446
block_9,3,Span,Ridge,,,0.7126142910421644,0.35810195962131436,0.2250446968206492
block_9,3,Skewness,Ridge,,,0.5772654103828583,0.16944480534430756,0.12453879295843576
block_9,3,sigma_local,Ridge,,,0.8193351895906429,2.950665057882458,2.2326756267405643
block_9,3,D50,MLP_p0.3,0.3,0.0,0.6999602233602518,1.150200783178951,0.7532792149876526
block_9,3,D50,MLP_p0.3,0.3,1.0,0.5979870632561769,1.3313868301418657,0.9978691668435329
block_9,3,D50,MLP_p0.3,0.3,2.0,0.6160632872502794,1.301110145460891,0.9464881647267012
block_9,3,D50,MLP_p0.5,0.5,0.0,0.674359746750299,1.1982661309683433,0.8771257882685277
block_9,3,D50,MLP_p0.5,0.5,1.0,0.6398785994935923,1.2601107236143074,0.889493394691534
block_9,3,D50,MLP_p0.5,0.5,2.0,0.6667476664243694,1.212190404374032,0.9260583907421998
block_9,3,D90,MLP_p0.3,0.3,0.0,0.17434737184152227,1.2155379870484733,0.829698216283882
block_9,3,D90,MLP_p0.3,0.3,1.0,0.20911054849570365,1.1896733783998084,0.7193128090595096
block_9,3,D90,MLP_p0.3,0.3,2.0,0.16735928415751566,1.220671131488561,0.7224658506979758
block_9,3,D90,MLP_p0.5,0.5,0.0,0.21431896085630697,1.1857496032656039,0.7807374091692374
block_9,3,D90,MLP_p0.5,0.5,1.0,0.20763839030358422,1.1907800900635184,0.7429691950779542
block_9,3,D90,MLP_p0.5,0.5,2.0,0.17542627242193276,1.2147435407526723,0.7227168546757099
block_9,3,Span,MLP_p0.3,0.3,0.0,0.6427935623036126,0.3992397291668812,0.2491982788158531
block_9,3,Span,MLP_p0.3,0.3,1.0,0.704726713014492,0.36298292250723113,0.22458755780345263
block_9,3,Span,MLP_p0.3,0.3,2.0,0.6574374159449781,0.3909705782775637,0.24320722081126434
block_9,3,Span,MLP_p0.5,0.5,0.0,0.6746860996675299,0.38100039328928326,0.2465421728511077
block_9,3,Span,MLP_p0.5,0.5,1.0,0.6620549163993816,0.38832663550543584,0.23631760061570906
block_9,3,Span,MLP_p0.5,0.5,2.0,0.6741939026498682,0.38128850944256937,0.23449173889497776
block_9,3,Skewness,MLP_p0.3,0.3,0.0,0.39052905242695124,0.20345617293883458,0.1570956081313882
block_9,3,Skewness,MLP_p0.3,0.3,1.0,0.5256654632290916,0.1794885464236047,0.11901156300114318
block_9,3,Skewness,MLP_p0.3,0.3,2.0,0.49905127294629126,0.18445524355963241,0.12931905668177343
block_9,3,Skewness,MLP_p0.5,0.5,0.0,0.42591942916255665,0.1974607541226786,0.14282892830468874
block_9,3,Skewness,MLP_p0.5,0.5,1.0,0.5609326256946022,0.17268712155203264,0.1411225467662454
block_9,3,Skewness,MLP_p0.5,0.5,2.0,0.49066912779012206,0.18599204405497302,0.1249913228951032
block_9,3,sigma_local,MLP_p0.3,0.3,0.0,0.7495441593792332,3.4741511618133427,2.1217477838418772
block_9,3,sigma_local,MLP_p0.3,0.3,1.0,0.7593522608710244,3.405446186389864,2.2211262591782406
block_9,3,sigma_local,MLP_p0.3,0.3,2.0,0.7715596255079042,3.317947887833082,1.9083676146087782
block_9,3,sigma_local,MLP_p0.5,0.5,0.0,0.7347839495473832,3.575057494705613,2.207702150707674
block_9,3,sigma_local,MLP_p0.5,0.5,1.0,0.7447406963943909,3.5073081059604196,2.348950452262682
block_9,3,sigma_local,MLP_p0.5,0.5,2.0,0.7487693077088953,3.479521116396075,2.1078816122358264
block_9,4,D50,Ridge,,,0.6941279187126466,1.0875684797438445,0.6068742401477554
block_9,4,D90,Ridge,,,0.33323719752527214,1.313302404300112,0.9626681891752078
block_9,4,Span,Ridge,,,0.6506968901694805,0.37445488515391295,0.2407083641447214
block_9,4,Skewness,Ridge,,,0.6437655179641879,0.16165115236052346,0.0887707207897368
block_9,4,sigma_local,Ridge,,,0.7892307474417475,3.065523527564047,1.5149178844037579
block_9,4,D50,MLP_p0.3,0.3,0.0,0.6129243895392783,1.2234454124560032,0.7312959561535237
block_9,4,D50,MLP_p0.3,0.3,1.0,0.6109074885401877,1.2266287210524391,0.7395518508067491
block_9,4,D50,MLP_p0.3,0.3,2.0,0.6046867690277933,1.2363953648159691,0.7340355826282021
block_9,4,D50,MLP_p0.5,0.5,0.0,0.6471296233032846,1.1681383811990609,0.7155307605668346
block_9,4,D50,MLP_p0.5,0.5,1.0,0.5779619303672207,1.2775047014565148,0.852721454006848
block_9,4,D50,MLP_p0.5,0.5,2.0,0.6181453678368638,1.2151663222433318,0.7544103055579932
block_9,4,D90,MLP_p0.3,0.3,0.0,0.3010360429849529,1.344641306508781,0.9571032161669031
block_9,4,D90,MLP_p0.3,0.3,1.0,0.32171421975193304,1.3246020228471715,0.9046061839911701
block_9,4,D90,MLP_p0.3,0.3,2.0,0.29913856416678464,1.3464652196920217,1.0413167897424849
block_9,4,D90,MLP_p0.5,0.5,0.0,0.3321717952609897,1.3143512307058693,0.8354559034615434
block_9,4,D90,MLP_p0.5,0.5,1.0,0.341874186370266,1.3047686714830093,0.9265955034862721
block_9,4,D90,MLP_p0.5,0.5,2.0,0.33367200688450827,1.3128741190829611,0.947397792231115
block_9,4,Span,MLP_p0.3,0.3,0.0,0.5593584499751403,0.42057262182862326,0.23987831490091827
block_9,4,Span,MLP_p0.3,0.3,1.0,0.558191231744255,0.42112928219618473,0.27172934931693016
block_9,4,Span,MLP_p0.3,0.3,2.0,0.5998385269367377,0.4007891087288744,0.2741021280159286
block_9,4,Span,MLP_p0.5,0.5,0.0,0.5772525808985002,0.4119445458280242,0.2606252954392416
block_9,4,Span,MLP_p0.5,0.5,1.0,0.5559912573139771,0.42217648094407567,0.2631245189964462
block_9,4,Span,MLP_p0.5,0.5,2.0,0.6292802013144725,0.385763528103048,0.27669751532027753
block_9,4,Skewness,MLP_p0.3,0.3,0.0,0.533871969629852,0.1849112937798912,0.1050343919798985
block_9,4,Skewness,MLP_p0.3,0.3,1.0,0.5477720090139222,0.18213338001906315,0.10828026266568408
block_9,4,Skewness,MLP_p0.3,0.3,2.0,0.5357641552022341,0.18453560055663534,0.10321637568809716
block_9,4,Skewness,MLP_p0.5,0.5,0.0,0.5148546746178362,0.18864563162674639,0.10618448743994774
block_9,4,Skewness,MLP_p0.5,0.5,1.0,0.555808438754747,0.18050780249945753,0.0951115252081921
block_9,4,Skewness,MLP_p0.5,0.5,2.0,0.5547116674654169,0.18073051465305665,0.10521587310173242
block_9,4,sigma_local,MLP_p0.3,0.3,0.0,0.8167197580913277,2.858635947164951,1.4244322649766161
block_9,4,sigma_local,MLP_p0.3,0.3,1.0,0.8125782287272083,2.8907533986626,1.1580602567757907
block_9,4,sigma_local,MLP_p0.3,0.3,2.0,0.8118080094519922,2.896687157498746,1.271643079344594
block_9,4,sigma_local,MLP_p0.5,0.5,0.0,0.7767653940175862,3.154872307450127,1.9191599418603182
block_9,4,sigma_local,MLP_p0.5,0.5,1.0,0.7910644499464519,3.0521592965833215,1.627173796006823
block_9,4,sigma_local,MLP_p0.5,0.5,2.0,0.7953160106286251,3.0209460011603917,1.693242478620152
