block,metric,fold,model,r2,rmse,medae,n_estimators_used
block_4,D50,0,Ridge,0.6345617430430739,1.2125687673015617,0.6708869348000484,
block_4,D50,0,SVR_RBF,0.5796131972427142,1.3005405842476876,0.7187417331757002,
block_4,D50,0,RF_sqrt,0.39373819756339046,1.5618145898129803,0.8959274576505241,
block_4,D50,0,RF_third,0.4451469757034795,1.49412988048754,0.8325156622684151,
block_4,D50,0,GBM,0.5442278981395869,1.3541701656513279,0.7828072089261697,161.0
block_4,D50,0,GBM_train,0.9543845182803343,0.44569332865807443,0.1615499305401613,161.0
block_4,D90,0,Ridge,0.2162007711124283,1.1030923434498674,0.7930967005113541,
block_4,D90,0,SVR_RBF,-0.06853148477369997,1.2879621960792262,0.7967997187733591,
block_4,D90,0,RF_sqrt,0.08078618015708738,1.1945868418752374,0.8926688884043443,
block_4,D90,0,RF_third,0.11469555543665733,1.1723459204320084,0.8333348747930369,
block_4,D90,0,GBM,0.11645543083018939,1.1711801016512675,0.8504508881235768,59.0
block_4,D90,0,GBM_train,0.763137705953697,0.7683276447388483,0.5109093757607699,59.0
block_4,Span,0,Ridge,0.7043811497122405,0.291513391419018,0.1830608342609299,
block_4,Span,0,SVR_RBF,0.7001629043143673,0.29358585638594176,0.2198036968715973,
block_4,Span,0,RF_sqrt,0.5490095701926263,0.3600610231308813,0.2780207248146336,
block_4,Span,0,RF_third,0.6076666506860529,0.3358304420298126,0.25430998254496784,
block_4,Span,0,GBM,0.6881812457119028,0.2993943251549452,0.21111159528871526,136.0
block_4,Span,0,GBM_train,0.9442970144081786,0.1686749875498677,0.06753171538698077,136.0
block_4,Skewness,0,Ridge,0.5787692670154156,0.15010838787968683,0.09386868252268743,
block_4,Skewness,0,SVR_RBF,0.4665017294461754,0.1689318133307848,0.12105282999626524,
block_4,Skewness,0,RF_sqrt,0.3079749299732498,0.1924003465131729,0.12390153953292855,
block_4,Skewness,0,RF_third,0.3499200273598214,0.18647831197592654,0.12185273092392115,
block_4,Skewness,0,GBM,0.40427788759579786,0.17851174539049608,0.10478208086836269,94.0
block_4,Skewness,0,GBM_train,0.9099552786113014,0.08536441322139343,0.045907454823031046,94.0
block_4,sigma_local,0,Ridge,0.8114495008596867,3.162446147107804,1.4731967044461207,
block_4,sigma_local,0,SVR_RBF,0.6051812518388203,4.576233532314378,2.461594712469809,
block_4,sigma_local,0,RF_sqrt,0.29421042137552345,6.1185274984407,3.499113928377488,
block_4,sigma_local,0,RF_third,0.34753356922866485,5.88285821761225,3.2889631335463365,
block_4,sigma_local,0,GBM,0.4175417271666614,5.558296430792398,3.1174907817133697,93.0
block_4,sigma_local,0,GBM_train,0.9439863706971384,1.4069159806166178,0.7730425740516997,93.0
block_4,D50,1,Ridge,0.8478953353982177,0.8580988406666965,0.5709123732327326,
block_4,D50,1,SVR_RBF,0.793354221671317,1.0001826518976997,0.5811734435951754,
block_4,D50,1,RF_sqrt,0.6922852384533925,1.2205068299863615,0.8599272810835465,
block_4,D50,1,RF_third,0.7246809005418398,1.1544741659193396,0.7770497967306556,
block_4,D50,1,GBM,0.7413886583552682,1.1188962865780476,0.7960044991259299,100.0
block_4,D50,1,GBM_train,0.9236376719081291,0.6073855092441595,0.2654858275448846,100.0
block_4,D90,1,Ridge,0.2528519105452568,1.384940045231268,0.9364628587898025,
block_4,D90,1,SVR_RBF,0.03214814295690982,1.5762753051423777,0.9053019826474848,
block_4,D90,1,RF_sqrt,0.1698846020062389,1.4598117761306162,0.9247927949755343,
block_4,D90,1,RF_third,0.17529737463730732,1.4550446364839655,0.9061651121032188,
block_4,D90,1,GBM,0.13403740523870933,1.4909984583037625,0.948330449926825,56.0
block_4,D90,1,GBM_train,0.7529720233089484,0.7583993279595217,0.46291181174102114,56.0
block_4,Span,1,Ridge,0.86334597164308,0.2936900908378798,0.19114483377772862,
block_4,Span,1,SVR_RBF,0.8264584077409831,0.3309633190522328,0.24789229532538992,
block_4,Span,1,RF_sqrt,0.706118028500498,0.4306897604361137,0.29396672232708465,
block_4,Span,1,RF_third,0.7420598180867345,0.4034944590555341,0.25819642367476536,
block_4,Span,1,GBM,0.7986881501082617,0.35646159344723566,0.23303252492331605,138.0
block_4,Span,1,GBM_train,0.9375949226508605,0.17502636835289961,0.06414717249311552,138.0
block_4,Skewness,1,Ridge,0.7353325941934515,0.15431455688513568,0.10301483921199084,
block_4,Skewness,1,SVR_RBF,0.6537919587389094,0.1764920880683569,0.10696008173139043,
block_4,Skewness,1,RF_sqrt,0.5666627340778869,0.19745570460201592,0.12598168265443582,
block_4,Skewness,1,RF_third,0.5939221240995392,0.19114429052284765,0.13000744915483917,
block_4,Skewness,1,GBM,0.6159521455799819,0.18588713650800792,0.11591425992121093,86.0
block_4,Skewness,1,GBM_train,0.8990709110302352,0.09109318195318855,0.048842815236668856,86.0
block_4,sigma_local,1,Ridge,0.689520385237877,2.650343494201261,1.7452518464193467,
block_4,sigma_local,1,SVR_RBF,0.5356370715984196,3.2412638755787433,1.6450713201064797,
block_4,sigma_local,1,RF_sqrt,0.3149449307430984,3.9368454009983287,2.4134949983669953,
block_4,sigma_local,1,RF_third,0.22091011665766558,4.198357343140263,2.7393805467833934,
block_4,sigma_local,1,GBM,0.23943215691843378,4.148151390935906,2.283493240529534,151.0
block_4,sigma_local,1,GBM_train,0.9549672779805963,1.5024971223917392,0.47847431473516,151.0
block_4,D50,2,Ridge,0.7505912789326481,0.9447637300357876,0.6082070091425784,
block_4,D50,2,SVR_RBF,0.7532535014742094,0.9397079341319166,0.6208122805181979,
block_4,D50,2,RF_sqrt,0.6253497785151131,1.1579248951977426,0.8497043182851023,
block_4,D50,2,RF_third,0.6670003295339777,1.0916647731574705,0.7563737477154326,
block_4,D50,2,GBM,0.643251418578096,1.129922149032406,0.847112203124837,85.0
block_4,D50,2,GBM_train,0.9329273703269402,0.577913289097571,0.3143342341089639,85.0
block_4,D90,2,Ridge,0.45578779623730004,1.2479353829480686,0.7516536482099028,
block_4,D90,2,SVR_RBF,0.2951141800205048,1.4202583371155888,0.8941928758840376,
block_4,D90,2,RF_sqrt,0.32716698637493913,1.3875914227408441,0.8822675003763436,
block_4,D90,2,RF_third,0.35706709268605585,1.3564093904215095,0.8221497424250437,
block_4,D90,2,GBM,0.3437389341902398,1.3703966239550158,0.8670626399892747,37.0
block_4,D90,2,GBM_train,0.6434119726068777,0.898996538072264,0.6373026201728891,37.0
block_4,Span,2,Ridge,0.7501289617650373,0.3471645912867588,0.28097353793140867,
block_4,Span,2,SVR_RBF,0.681149785356191,0.39216679552583256,0.27762341660072654,
block_4,Span,2,RF_sqrt,0.5919124038222693,0.4436639688802475,0.3618231381081394,
block_4,Span,2,RF_third,0.6182049522876849,0.429133687075253,0.28075147415847646,
block_4,Span,2,GBM,0.5984988216516244,0.4400690996471337,0.3047409566175969,102.0
block_4,Span,2,GBM_train,0.9514603363712838,0.1570155264955318,0.08195781078807096,102.0
block_4,Skewness,2,Ridge,0.715090836015571,0.15112436108166674,0.11301625541799054,
block_4,Skewness,2,SVR_RBF,0.6564347982441108,0.1659532849259681,0.12349077187110313,
block_4,Skewness,2,RF_sqrt,0.5515640207906485,0.18959701412529398,0.13568678419888242,
block_4,Skewness,2,RF_third,0.5999675589847562,0.17907249091801966,0.13112621235475602,
block_4,Skewness,2,GBM,0.6145064785078136,0.17578823696908427,0.1268328934020267,86.0
block_4,Skewness,2,GBM_train,0.9025658947227415,0.08944172491089289,0.04968771635961455,86.0
block_4,sigma_local,2,Ridge,0.5650862339401299,2.2782941752685466,1.6768955763323294,
block_4,sigma_local,2,SVR_RBF,0.2539421622128739,2.983970128788225,2.0090634960276397,
block_4,sigma_local,2,RF_sqrt,0.06384026603390203,3.342590706311494,2.3421708443378186,
block_4,sigma_local,2,RF_third,0.013486443543066162,3.431308384432957,2.3307077282252706,
block_4,sigma_local,2,GBM,-0.13255435845802044,3.6765269221056185,2.406059988393812,177.0
block_4,sigma_local,2,GBM_train,0.9570058360104587,1.442833230170747,0.4191106336463424,177.0
block_4,D50,3,Ridge,0.7576365796605675,1.0337553701630129,0.7196069198327804,
block_4,D50,3,SVR_RBF,0.6641412105048172,1.2169216046001374,0.9146053352182317,
block_4,D50,3,RF_sqrt,0.6181040482950402,1.2976476051154555,0.8716357033965565,
block_4,D50,3,RF_third,0.6527808955095337,1.2373314408066363,0.8707969802352338,
block_4,D50,3,GBM,0.6642038526106426,1.2168081133217294,0.887834513471756,134.0
block_4,D50,3,GBM_train,0.9600103458231961,0.4447369102498315,0.20599305453674255,134.0
block_4,D90,3,Ridge,0.26488411148101354,1.1469586381316903,0.6655998818702642,
block_4,D90,3,SVR_RBF,0.04234514549330015,1.3091046305845127,0.7464772942484785,
block_4,D90,3,RF_sqrt,0.23888940257957636,1.1670614834488333,0.7091012000644206,
block_4,D90,3,RF_third,0.23999057074897134,1.166216930681285,0.7123131894364665,
block_4,D90,3,GBM,0.24103783712052274,1.1654131506507992,0.7433343568015136,41.0
block_4,D90,3,GBM_train,0.7155702005130176,0.8494381810705386,0.6127416550639087,41.0
block_4,Span,3,Ridge,0.7839310321087407,0.3105062257663593,0.1701285600539162,
block_4,Span,3,SVR_RBF,0.711104681846607,0.35904126511022816,0.19531107641447187,
block_4,Span,3,RF_sqrt,0.6403148453381711,0.40062253104454826,0.22236217719924722,
block_4,Span,3,RF_third,0.6683814103439144,0.3846746325725412,0.2232389959785377,
block_4,Span,3,GBM,0.646996348915106,0.39688411076495006,0.23237532845148923,124.0
block_4,Span,3,GBM_train,0.9529505118711536,0.15901739146699764,0.06928221770345777,124.0
block_4,Skewness,3,Ridge,0.6507992609927951,0.15400397973675292,0.09259996280909888,
block_4,Skewness,3,SVR_RBF,0.5629940644672724,0.17228125815587483,0.10832900765668593,
block_4,Skewness,3,RF_sqrt,0.5247288093683735,0.17966567428811608,0.11560168797953868,
block_4,Skewness,3,RF_third,0.5470854028631452,0.1753890702320531,0.11309099611479499,
block_4,Skewness,3,GBM,0.5556541289803021,0.17372204829513244,0.10993955762095217,120.0
block_4,Skewness,3,GBM_train,0.9330236465262839,0.0766870390807207,0.03811969908681087,120.0
block_4,sigma_local,3,Ridge,0.880214530650955,2.4026206109845027,1.4170996834964473,
block_4,sigma_local,3,SVR_RBF,0.7991171919048653,3.1113904491564135,1.7237180689373002,
block_4,sigma_local,3,RF_sqrt,0.6403490251283053,4.1631662087008605,2.7422749418419494,
block_4,sigma_local,3,RF_third,0.660948753472256,4.042181421249343,2.862153390700499,
block_4,sigma_local,3,GBM,0.6853399875912773,3.8940713673590865,3.0319574595665717,113.0
block_4,sigma_local,3,GBM_train,0.9462631308016923,1.5246116561482077,0.7342079111757522,113.0
block_4,D50,4,Ridge,0.7499353783528833,0.9833606368936001,0.5620810698979355,
block_4,D50,4,SVR_RBF,0.65782957117958,1.1502915517645624,0.6742139228079171,
block_4,D50,4,RF_sqrt,0.5476496004484057,1.3225867948616115,0.928594806743182,
block_4,D50,4,RF_third,0.5706316780089822,1.2885512395021699,0.8397292239437153,
block_4,D50,4,GBM,0.600253247124211,1.2433092520841058,0.7114555712590187,72.0
block_4,D50,4,GBM_train,0.9304487592680655,0.5873048806761387,0.3317683359969612,72.0
block_4,D90,4,Ridge,0.4423739369337776,1.2010209685364837,0.853592668683401,
block_4,D90,4,SVR_RBF,0.17565915359666817,1.4602676614948584,0.9264034618686665,
block_4,D90,4,RF_sqrt,0.3173555899604298,1.3288511201407887,0.9025111321298915,
block_4,D90,4,RF_third,0.36602821022518606,1.2806015534374904,0.9567700445803844,
block_4,D90,4,GBM,0.3222648650703689,1.3240642451018785,0.7891412529738524,72.0
block_4,D90,4,GBM_train,0.768539700349961,0.7327924656179567,0.4561633487765313,72.0
block_4,Span,4,Ridge,0.6899010939672169,0.3528160973753955,0.24134534761373905,
block_4,Span,4,SVR_RBF,0.5847449475094404,0.4082777731508979,0.28307174678323443,
block_4,Span,4,RF_sqrt,0.5417750613785041,0.42888181839185907,0.28695157663304904,
block_4,Span,4,RF_third,0.5241173760823308,0.4370671825644194,0.27881832029066933,
block_4,Span,4,GBM,0.4994622629744475,0.44824627336120026,0.27082144102902106,75.0
block_4,Span,4,GBM_train,0.9380521997677829,0.1828754041527261,0.09589754554101093,75.0
block_4,Skewness,4,Ridge,0.6982068376763216,0.14878718435543228,0.0969442378200075,
block_4,Skewness,4,SVR_RBF,0.5189235163606126,0.18785289454681925,0.1391631664050681,
block_4,Skewness,4,RF_sqrt,0.4957519655703764,0.19232375705187368,0.1508906670985597,
block_4,Skewness,4,RF_third,0.5305248468149527,0.18557400195333962,0.13576724202574253,
block_4,Skewness,4,GBM,0.5410646882847977,0.18347908461324522,0.13194448548118076,64.0
block_4,Skewness,4,GBM_train,0.8866662415951931,0.09795750052783089,0.05574894787411516,64.0
block_4,sigma_local,4,Ridge,0.8467143775266167,2.6142778113319514,1.5498079106495428,
block_4,sigma_local,4,SVR_RBF,0.7022734855038517,3.643424568065287,2.1188329295377173,
block_4,sigma_local,4,RF_sqrt,0.4415346284348024,4.989983970841962,3.5002999505477277,
block_4,sigma_local,4,RF_third,0.4535895050714809,4.9358339638024775,3.1834886064192105,
block_4,sigma_local,4,GBM,0.4842439583168109,4.795381770469979,2.591523167929349,253.0
block_4,sigma_local,4,GBM_train,0.9635403967745397,1.2629302016644708,0.2209361669017582,253.0
block_6,D50,0,Ridge,0.5853647112452814,1.2916132838486574,0.6973813831632647,
block_6,D50,0,SVR_RBF,0.5661004783899775,1.321277252120267,0.7645370578037243,
block_6,D50,0,RF_sqrt,0.3467440531319812,1.621216661209007,0.8640197406454964,
block_6,D50,0,RF_third,0.4271121945694736,1.5182180879717564,0.8278675927393722,
block_6,D50,0,GBM,0.4557064955257131,1.4798440412526896,0.87378360422273,113.0
block_6,D50,0,GBM_train,0.9502319824870598,0.46553803723016035,0.22602501538749697,113.0
block_6,D90,0,Ridge,0.22357820076304014,1.0978886981758191,0.7796191945211266,
block_6,D90,0,SVR_RBF,-0.0033015971616769946,1.248030520245347,0.8529291117042632,
block_6,D90,0,RF_sqrt,0.10337087352098973,1.1798203302555907,0.8486028976793847,
block_6,D90,0,RF_third,0.13798143199013913,1.1568252638097904,0.8187277607417638,
block_6,D90,0,GBM,0.09058194365108163,1.1882046308136511,0.8503840966165441,72.0
block_6,D90,0,GBM_train,0.7863952677707859,0.7296320940999866,0.47071410454860363,72.0
block_6,Span,0,Ridge,0.6381964745648605,0.3224993512632964,0.20117495237138616,
block_6,Span,0,SVR_RBF,0.6690806778306098,0.3084277965498152,0.21909477261710952,
block_6,Span,0,RF_sqrt,0.4918595358625535,0.38219441651526437,0.24588513660789602,
block_6,Span,0,RF_third,0.5553841426509045,0.35750730655313356,0.24640641329959978,
block_6,Span,0,GBM,0.5620489601415446,0.35481766137920545,0.24236161104053888,125.0
block_6,Span,0,GBM_train,0.9449125511748182,0.1677404408799984,0.07142491343362933,125.0
block_6,Skewness,0,Ridge,0.5104095133069283,0.16183088944617907,0.10726440959984859,
block_6,Skewness,0,SVR_RBF,0.4803688420405995,0.16672185279404925,0.11209448221199042,
block_6,Skewness,0,RF_sqrt,0.2833745540786904,0.19579024435450681,0.10952572972772315,
block_6,Skewness,0,RF_third,0.3582509057944733,0.18527958448049112,0.11125186396820083,
block_6,Skewness,0,GBM,0.4122605147082349,0.17731169034892647,0.11367928158783122,157.0
block_6,Skewness,0,GBM_train,0.9333344177093894,0.07345114470921627,0.02897699899832734,157.0
block_6,sigma_local,0,Ridge,0.8177015137525308,3.10957350103223,1.826369854803879,
block_6,sigma_local,0,SVR_RBF,0.620199890379636,4.488351267645419,2.5349624220218416,
block_6,sigma_local,0,RF_sqrt,0.33562921852098093,5.936282463658539,3.3344081209808643,
block_6,sigma_local,0,RF_third,0.3818090950428853,5.72625390733631,3.2919090242297804,
block_6,sigma_local,0,GBM,0.36457801868666884,5.805510470841938,3.4115116669005268,55.0
block_6,sigma_local,0,GBM_train,0.9213536638688367,1.6670957861028797,1.1168973771116466,55.0
block_6,D50,1,Ridge,0.8324069332466196,0.9007288492233836,0.5120203947509729,
block_6,D50,1,SVR_RBF,0.7781981178273594,1.0362121074259618,0.6635920426822182,
block_6,D50,1,RF_sqrt,0.6535326067176581,1.2950818981278398,0.996464466618733,
block_6,D50,1,RF_third,0.6960627427322945,1.2129922297847673,0.8842286669647605,
block_6,D50,1,GBM,0.7704740391609629,1.0541003459807066,0.6694922216334644,229.0
block_6,D50,1,GBM_train,0.9436428466814367,0.5217943477099931,0.08811196323299164,229.0
block_6,D90,1,Ridge,0.21667694717589614,1.418071346449575,0.8771121284665124,
block_6,D90,1,SVR_RBF,0.015936628395692876,1.5894217852726251,0.8561996212499423,
block_6,D90,1,RF_sqrt,0.156067071019524,1.4719111467560866,0.9092680387875074,
block_6,D90,1,RF_third,0.1695021080816992,1.4601480575869599,0.9350637970116527,
block_6,D90,1,GBM,0.1867761450368638,1.4448830044771377,0.8282391660541215,61.0
block_6,D90,1,GBM_train,0.7541048336586771,0.7566584121810164,0.4930606005705229,61.0
block_6,Span,1,Ridge,0.8540045961907531,0.30356218218158065,0.1857340900030371,
block_6,Span,1,SVR_RBF,0.8213452634806568,0.3358035953469454,0.20205272976430866,
block_6,Span,1,RF_sqrt,0.6548165962475849,0.4667700991189544,0.3315514334755847,
block_6,Span,1,RF_third,0.714504412602966,0.42450007802398926,0.3111734594424438,
block_6,Span,1,GBM,0.7684310554336707,0.3823122663528131,0.2635486950527741,295.0
block_6,Span,1,GBM_train,0.9507221541379407,0.1555318637157145,0.018313381161259024,295.0
block_6,Skewness,1,Ridge,0.7228666047130242,0.15790689616581022,0.09441804398732498,
block_6,Skewness,1,SVR_RBF,0.6494102647891182,0.17760544002455803,0.1192107764211982,
block_6,Skewness,1,RF_sqrt,0.5214548273944265,0.20750001651084288,0.13801760985818795,
block_6,Skewness,1,RF_third,0.5646973294354787,0.19790297898695502,0.12514752873412038,
block_6,Skewness,1,GBM,0.6063497593912167,0.1881966664418434,0.12368824293116079,70.0
block_6,Skewness,1,GBM_train,0.8901655953220077,0.0950269731734504,0.054913039695463545,70.0
block_6,sigma_local,1,Ridge,0.7641294976453606,2.3100556073880654,1.6253926190273429,
block_6,sigma_local,1,SVR_RBF,0.6487135919545797,2.8191377138187503,1.5799316767659457,
block_6,sigma_local,1,RF_sqrt,0.3918169093307051,3.7093924949298582,2.2903901768171355,
block_6,sigma_local,1,RF_third,0.3888519251376952,3.718423425152029,2.308074369430078,
block_6,sigma_local,1,GBM,0.40746028070537277,3.6613761817581407,1.9135170268797301,138.0
block_6,sigma_local,1,GBM_train,0.9578568957990587,1.453492551228043,0.4424584780697405,138.0
block_6,D50,2,Ridge,0.7641376180676447,0.9187486934777452,0.601099827606344,
block_6,D50,2,SVR_RBF,0.7561025852597958,0.9342669652698163,0.5436673041215485,
block_6,D50,2,RF_sqrt,0.6437767399163139,1.1290899230336184,0.8393103890606817,
block_6,D50,2,RF_third,0.691667823659293,1.0504534666357086,0.7525957965630763,
block_6,D50,2,GBM,0.7107821116675379,1.0173724428322204,0.6538934089014168,235.0
block_6,D50,2,GBM_train,0.9636146687274949,0.42565053240832185,0.09227511777346287,235.0
block_6,D90,2,Ridge,0.4411727722831298,1.2645812532347596,0.7365769892896843,
block_6,D90,2,SVR_RBF,0.3275754515645355,1.3871701675191166,0.8690437205708577,
block_6,D90,2,RF_sqrt,0.3469704173469176,1.3670184877450893,0.8435468292337269,
block_6,D90,2,RF_third,0.37180252119876933,1.3407754670978786,0.7273641322861621,
block_6,D90,2,GBM,0.3178432433445709,1.3971725767295442,0.8898919326960488,26.0
block_6,D90,2,GBM_train,0.5637463970544275,0.9943611637979438,0.7267798778893209,26.0
block_6,Span,2,Ridge,0.7180624884636716,0.36876856537050146,0.2707945368123732,
block_6,Span,2,SVR_RBF,0.668590725075161,0.3998156520345087,0.30053419839628637,
block_6,Span,2,RF_sqrt,0.5834193185257744,0.44825694369762353,0.3674703575352898,
block_6,Span,2,RF_third,0.6367231698234443,0.418597193586063,0.3130800208255793,
block_6,Span,2,GBM,0.661871284485475,0.403848514757141,0.29346685540533857,161.0
block_6,Span,2,GBM_train,0.9635589429932461,0.13604722926478377,0.04838038778778664,161.0
block_6,Skewness,2,Ridge,0.693336734020523,0.15678775690966928,0.10961370032707884,
block_6,Skewness,2,SVR_RBF,0.6472090226271614,0.16816670054952426,0.11442756134230148,
block_6,Skewness,2,RF_sqrt,0.5516547612534031,0.18957783079479365,0.133976444871179,
block_6,Skewness,2,RF_third,0.5875619410657678,0.18182794722640114,0.1307787731502843,
block_6,Skewness,2,GBM,0.6104911701869862,0.17670137223680232,0.12728822212417168,103.0
block_6,Skewness,2,GBM_train,0.9210072965233336,0.08053379301678909,0.039174878082176845,103.0
block_6,sigma_local,2,Ridge,0.6083581085398935,2.1619855768575786,1.3940012934888006,
block_6,sigma_local,2,SVR_RBF,0.4051820218316634,2.664405158954152,1.9809823660663692,
block_6,sigma_local,2,RF_sqrt,0.058851761950709736,3.351484686915238,2.4803147358252513,
block_6,sigma_local,2,RF_third,-0.18520089413395135,3.7610075728902834,2.4353641225338514,
block_6,sigma_local,2,GBM,-0.2043424413256223,3.7912569399136236,2.3548552215355905,255.0
block_6,sigma_local,2,GBM_train,0.9667807706618445,1.268253759071754,0.17519314064780644,255.0
block_6,D50,3,Ridge,0.7549794273372101,1.0394067133135092,0.7140832212039792,
block_6,D50,3,SVR_RBF,0.6677546235286576,1.2103576382191998,0.8485560616528423,
block_6,D50,3,RF_sqrt,0.6053494442757347,1.3191391252803872,0.9786398402913994,
block_6,D50,3,RF_third,0.6451705246359813,1.2508178975258932,0.89323783043469,
block_6,D50,3,GBM,0.6760256206921212,1.1951972231976933,0.7676299561563686,122.0
block_6,D50,3,GBM_train,0.9579038565978187,0.45630003849247736,0.21010817182623232,122.0
block_6,D90,3,Ridge,0.29169519266175337,1.125848481773761,0.6290605984962987,
block_6,D90,3,SVR_RBF,0.09647410834395576,1.2715696482258254,0.7486381751114735,
block_6,D90,3,RF_sqrt,0.2230170952445174,1.1791677248802852,0.7914617933510595,
block_6,D90,3,RF_third,0.23507831074804608,1.1699797351344372,0.7884551815566851,
block_6,D90,3,GBM,0.1761225335295047,1.214230574312067,0.8321812446817543,49.0
block_6,D90,3,GBM_train,0.7430060470179147,0.8074314895795512,0.5696547528948113,49.0
block_6,Span,3,Ridge,0.7506780114339752,0.33354497693212637,0.2048966478263865,
block_6,Span,3,SVR_RBF,0.6887009421655068,0.3727031100654636,0.21556623955456056,
block_6,Span,3,RF_sqrt,0.6195488762114235,0.4120249822015054,0.23734466529247222,
block_6,Span,3,RF_third,0.6372391097103516,0.4023317842152643,0.22587852375570172,
block_6,Span,3,GBM,0.6679271243653512,0.3849380262570066,0.2230374659314387,123.0
block_6,Span,3,GBM_train,0.9544706574360728,0.1564274130500495,0.06735986563043639,123.0
block_6,Skewness,3,Ridge,0.654624173962278,0.15315822875602866,0.09989006153140573,
block_6,Skewness,3,SVR_RBF,0.5725317500316645,0.17039086139921752,0.12072064438051985,
block_6,Skewness,3,RF_sqrt,0.5163494123984472,0.18124257623290763,0.12297998803082438,
block_6,Skewness,3,RF_third,0.5464243587730933,0.17551701668748257,0.12089085346086889,
block_6,Skewness,3,GBM,0.5432503385880033,0.17613006034865325,0.13019785600626127,129.0
block_6,Skewness,3,GBM_train,0.9472162592544282,0.06807870767202392,0.03028082836971417,129.0
block_6,sigma_local,3,Ridge,0.8781732192049807,2.4230061313570928,1.5233590736952412,
block_6,sigma_local,3,SVR_RBF,0.8025047851413394,3.0850443921178146,1.7993477492642684,
block_6,sigma_local,3,RF_sqrt,0.6354762064528169,4.191274156962565,2.9705328666344775,
block_6,sigma_local,3,RF_third,0.6822420804380266,3.9131934743304937,2.8319929509731248,
block_6,sigma_local,3,GBM,0.758657482645994,3.410358604380584,2.085580219318599,289.0
block_6,sigma_local,3,GBM_train,0.9680946123481673,1.174776008140097,0.1224012957274816,289.0
block_6,D50,4,Ridge,0.7609196839342994,0.9615206234742526,0.5750800530002378,
block_6,D50,4,SVR_RBF,0.6561254906846181,1.1531523409382587,0.7108542006442775,
block_6,D50,4,RF_sqrt,0.5218087835901087,1.359838993382508,0.9237306259172993,
block_6,D50,4,RF_third,0.5597186755341111,1.3048236666438695,0.8067269692576069,
block_6,D50,4,GBM,0.5574659057364248,1.3081575769297962,0.7860973419166912,244.0
block_6,D50,4,GBM_train,0.9624847400337802,0.4313354464250507,0.07930484824383832,244.0
block_6,D90,4,Ridge,0.4145036185993298,1.2306687287763605,0.868552455515502,
block_6,D90,4,SVR_RBF,0.17584188172988857,1.4601058068606567,0.9930479568704875,
block_6,D90,4,RF_sqrt,0.32923257023110064,1.317240396448928,0.9244341991846952,
block_6,D90,4,RF_third,0.335103710821694,1.3114629088189236,0.8685426950153001,
block_6,D90,4,GBM,0.32851062823679156,1.3179490738335302,0.9199164344897746,67.0
block_6,D90,4,GBM_train,0.7502102369629537,0.7612548242408228,0.443329159334084,67.0
block_6,Span,4,Ridge,0.7074678081094155,0.34267711927341854,0.22968292186712302,
block_6,Span,4,SVR_RBF,0.5765859395121837,0.41226922090872287,0.2671215453453386,
block_6,Span,4,RF_sqrt,0.5191587964401774,0.43933834780598563,0.28861067759547954,
block_6,Span,4,RF_third,0.5202156390004351,0.4388552705763498,0.25850940037449943,
block_6,Span,4,GBM,0.46861491511011644,0.46185213423975974,0.28632894686162835,130.0
block_6,Span,4,GBM_train,0.9529888960150333,0.15930983189755843,0.0619494086076946,130.0
block_6,Skewness,4,Ridge,0.6908246692843668,0.15059593332022234,0.09425924238942773,
block_6,Skewness,4,SVR_RBF,0.5508620217775737,0.18151006705149958,0.13538351033994345,
block_6,Skewness,4,RF_sqrt,0.49923793365819014,0.19165781770411977,0.15483495225954969,
block_6,Skewness,4,RF_third,0.5260005278100903,0.1864660437108734,0.14522220396352403,
block_6,Skewness,4,GBM,0.5279440797396493,0.18608336533254727,0.1407499808253998,97.0
block_6,Skewness,4,GBM_train,0.9165189217559567,0.08407213462802011,0.04125849093699052,97.0
block_6,sigma_local,4,Ridge,0.8387988316267857,2.680927802309329,1.4091995234039718,
block_6,sigma_local,4,SVR_RBF,0.7415426378667603,3.3946537207301617,2.22151317167188,
block_6,sigma_local,4,RF_sqrt,0.5196392148449505,4.6279088747172485,3.1360160501591245,
block_6,sigma_local,4,RF_third,0.5610024575082324,4.424172688983609,2.5987351660892184,
block_6,sigma_local,4,GBM,0.654800544924703,3.9231605072631326,1.9392447765642196,264.0
block_6,sigma_local,4,GBM_train,0.9660512479645039,1.218667662129588,0.14266372186592768,264.0
block_9,D50,0,Ridge,0.4957835386833652,1.424321016006612,0.7941839785805889,
block_9,D50,0,SVR_RBF,0.517247600977526,1.3936752663924996,0.84487402226656,
block_9,D50,0,RF_sqrt,0.3307582681939212,1.6409331153749398,0.92200172350671,
block_9,D50,0,RF_third,0.3135230698737965,1.6619285392377616,0.9168855768557052,
block_9,D50,0,GBM,0.345648399077784,1.622575660259531,0.9096071887335877,133.0
block_9,D50,0,GBM_train,0.9478814908966399,0.4764046508121895,0.17681965893891372,133.0
block_9,D90,0,Ridge,0.1888438526369589,1.1221778344363793,0.7865500411812274,
block_9,D90,0,SVR_RBF,0.038133087448142255,1.2219880166153845,0.7546765799341024,
block_9,D90,0,RF_sqrt,0.09387811594488571,1.1860493610503213,0.8829810684823176,
block_9,D90,0,RF_third,0.12694510446017349,1.1642070642402857,0.847805903366968,
block_9,D90,0,GBM,0.02154110199819692,1.2324824610851792,0.8121091180246562,79.0
block_9,D90,0,GBM_train,0.8109816747623242,0.6863576038580645,0.42753877382782157,79.0
block_9,Span,0,Ridge,0.5723475064802048,0.3506210229586968,0.22904428057485882,
block_9,Span,0,SVR_RBF,0.6287058298442051,0.3267017894881784,0.21315104536326934,
block_9,Span,0,RF_sqrt,0.4464315548414447,0.398912928105702,0.2914362058183644,
block_9,Span,0,RF_third,0.4349568055398998,0.4030261932173117,0.25010701496544874,
block_9,Span,0,GBM,0.5213307107512057,0.3709456055319705,0.2362087569087845,104.0
block_9,Span,0,GBM_train,0.9370578963091363,0.17930073802041904,0.08220481471049568,104.0
block_9,Skewness,0,Ridge,0.3998693994281993,0.17917104301165027,0.10779958952772131,
block_9,Skewness,0,SVR_RBF,0.43419670246201325,0.17397132574169835,0.11212966530108939,
block_9,Skewness,0,RF_sqrt,0.2735683673154202,0.1971252738181174,0.10376262067619574,
block_9,Skewness,0,RF_third,0.27294534988037245,0.19720978704413092,0.10351900480910708,
block_9,Skewness,0,GBM,0.3245882779277355,0.19007685290424414,0.1044740468223895,124.0
block_9,Skewness,0,GBM_train,0.9292531328436332,0.07566609765869146,0.032680424835614175,124.0
block_9,sigma_local,0,Ridge,0.6761438109550209,4.144626466954025,2.317028454288204,
block_9,sigma_local,0,SVR_RBF,0.5749846171316984,4.748009945772248,2.6676070385493755,
block_9,sigma_local,0,RF_sqrt,0.29713324611957515,6.105845293098168,3.1498781897882093,
block_9,sigma_local,0,RF_third,0.3789145219768598,5.739644352761836,3.061183265957421,
block_9,sigma_local,0,GBM,0.4418473214700521,5.44108865387032,3.033588355190882,62.0
block_9,sigma_local,0,GBM_train,0.9384283809128426,1.4750664770284287,0.9012952395326947,62.0
block_9,D50,1,Ridge,0.7099537591591208,1.184949028942688,0.8189103567271805,
block_9,D50,1,SVR_RBF,0.6539407373417307,1.294318885007484,0.9625673184903656,
block_9,D50,1,RF_sqrt,0.5834934214503158,1.4199628475144725,1.1194103047857924,
block_9,D50,1,RF_third,0.6128913296114219,1.3689339622754257,1.0425721397993346,
block_9,D50,1,GBM,0.6632192636371117,1.2768493799253695,0.9502728666360514,125.0
block_9,D50,1,GBM_train,0.9302218898086768,0.5806099148961877,0.19585097963140008,125.0
block_9,D90,1,Ridge,0.1469553647635523,1.4798357194809038,0.8881292733070492,
block_9,D90,1,SVR_RBF,0.014291625951883047,1.5907497032900555,1.0072932741167655,
block_9,D90,1,RF_sqrt,0.11223897908009772,1.50964788911386,0.884530405644993,
block_9,D90,1,RF_third,0.12599574838439498,1.4979054485127243,0.8699056845779634,
block_9,D90,1,GBM,0.10279908910878699,1.5176529861655008,0.8597924568067938,61.0
block_9,D90,1,GBM_train,0.7882262889854439,0.7022001087368167,0.4469283408386602,61.0
block_9,Span,1,Ridge,0.7153223358609491,0.4238915615695376,0.27359042353841323,
block_9,Span,1,SVR_RBF,0.6980660640551251,0.436550046190029,0.2508143959738154,
block_9,Span,1,RF_sqrt,0.5761187399169829,0.5172496228262617,0.3615365467164844,
block_9,Span,1,RF_third,0.611762062957903,0.49502491698742834,0.35969978648501966,
block_9,Span,1,GBM,0.6563564980027391,0.46572777854421366,0.3232290404797783,144.0
block_9,Span,1,GBM_train,0.9458582890954144,0.1630269886340707,0.05473440136476437,144.0
block_9,Skewness,1,Ridge,0.546084577322563,0.20208967958653998,0.1352866251321439,
block_9,Skewness,1,SVR_RBF,0.5248449532867608,0.20676372085400194,0.13601356587363156,
block_9,Skewness,1,RF_sqrt,0.4697944257601109,0.21841316412477332,0.15839714180858766,
block_9,Skewness,1,RF_third,0.5160822271640022,0.20866156107526612,0.13293719068024384,
block_9,Skewness,1,GBM,0.5178762898352549,0.20827440901277297,0.11435232624422553,90.0
block_9,Skewness,1,GBM_train,0.9077776833735428,0.0870754464342984,0.04095112537548651,90.0
block_9,sigma_local,1,Ridge,0.7540069129834687,2.359103905566407,1.547204655380721,
block_9,sigma_local,1,SVR_RBF,0.6449933058805861,2.834026386447775,1.6639968874112148,
block_9,sigma_local,1,RF_sqrt,0.48034666479646315,3.428802558806326,2.175277732201086,
block_9,sigma_local,1,RF_third,0.49698882045199466,3.373451238515357,2.217749170492495,
block_9,sigma_local,1,GBM,0.5387094478651071,3.230523452207172,1.9574662969185468,200.0
block_9,sigma_local,1,GBM_train,0.9719519885246354,1.1857703527892443,0.22699152732756023,200.0
block_9,D50,2,Ridge,0.7461305994807865,0.9531748465946382,0.6017029787812733,
block_9,D50,2,SVR_RBF,0.7557962975922485,0.934853409918605,0.6035432469847102,
block_9,D50,2,RF_sqrt,0.6224067136296927,1.1624640379428641,0.7976991534467492,
block_9,D50,2,RF_third,0.6135987421357652,1.175944053215931,0.770727121949621,
block_9,D50,2,GBM,0.6474660948096316,1.1232277913486877,0.7220109352599327,102.0
block_9,D50,2,GBM_train,0.9505303575688964,0.49631728442318257,0.24600296948410882,102.0
block_9,D90,2,Ridge,0.3852463392888945,1.3263511615794363,0.8424813626706289,
block_9,D90,2,SVR_RBF,0.31616921686932264,1.398885871137135,0.8762774793970856,
block_9,D90,2,RF_sqrt,0.3221481307748797,1.3927570301103862,0.720342034253914,
block_9,D90,2,RF_third,0.33711557378990253,1.377294674453716,0.7891161375024573,
block_9,D90,2,GBM,0.27753308308166647,1.4378611272641362,0.8445403467160268,30.0
block_9,D90,2,GBM_train,0.621954885345257,0.925649254496116,0.6375791492928045,30.0
block_9,Span,2,Ridge,0.7060120056516412,0.37656700163174556,0.26425217041138627,
block_9,Span,2,SVR_RBF,0.6878572357598842,0.388019988688038,0.27431454854178927,
block_9,Span,2,RF_sqrt,0.5995908302542898,0.439470239081345,0.3205672133423976,
block_9,Span,2,RF_third,0.5835769785263589,0.4481721115377316,0.3344820444500072,
block_9,Span,2,GBM,0.6012680254642413,0.4385488680114042,0.3081581411262668,110.0
block_9,Span,2,GBM_train,0.9553663546907514,0.1505654746306486,0.06975477282035092,110.0
block_9,Skewness,2,Ridge,0.6808934650494664,0.15993706339569574,0.11318649181793372,
block_9,Skewness,2,SVR_RBF,0.6557362135661592,0.16612191892740338,0.11810313586970544,
block_9,Skewness,2,RF_sqrt,0.5442570811434235,0.19113544558692197,0.13078417753878768,
block_9,Skewness,2,RF_third,0.5487998539731906,0.1901804559908772,0.13872067346841094,
block_9,Skewness,2,GBM,0.5657273595097462,0.18657888924078767,0.14401082389542502,79.0
block_9,Skewness,2,GBM_train,0.9091888546890053,0.0863483895094061,0.05207602823687857,79.0
block_9,sigma_local,2,Ridge,0.6287183726160579,2.1050380584761093,1.3717670119141072,
block_9,sigma_local,2,SVR_RBF,0.5836381029437167,2.2291726806728596,1.672119504785753,
block_9,sigma_local,2,RF_sqrt,0.23937109998798445,3.012968795619897,2.4201643088383875,
block_9,sigma_local,2,RF_third,0.30052028139053555,2.889320946018287,2.034634967862883,
block_9,sigma_local,2,GBM,0.37230744149400896,2.7370435814328,1.7071032744798504,221.0
block_9,sigma_local,2,GBM_train,0.9678196075621391,1.2482657364627174,0.2094643031236192,221.0
block_9,D50,3,Ridge,0.6882591806632725,1.1724142232676547,0.826812245078246,
block_9,D50,3,SVR_RBF,0.599477443124268,1.3289166178261007,0.8757611502044398,
block_9,D50,3,RF_sqrt,0.5415015456507204,1.4218480287198338,1.0038178417157089,
block_9,D50,3,RF_third,0.5364085109521145,1.429723216041354,1.034592078706872,
block_9,D50,3,GBM,0.5737248470095974,1.3709741043759063,0.9901985038244119,162.0
block_9,D50,3,GBM_train,0.9519035908166797,0.4877369713726355,0.14412655624815152,162.0
block_9,D90,3,Ridge,0.23630871978707857,1.1690383753693214,0.6854318148656411,
block_9,D90,3,SVR_RBF,0.11107430627122994,1.2612540722484684,0.7725262026611279,
block_9,D90,3,RF_sqrt,0.23328863160575097,1.1713476300620538,0.7552557579789791,
block_9,D90,3,RF_third,0.23691409074464775,1.1685749406006807,0.7009990024226571,
block_9,D90,3,GBM,0.16113111775303413,1.2252279462853866,0.8370898441158836,27.0
block_9,D90,3,GBM_train,0.6391099022112017,0.9568232360306771,0.686317784833026,27.0
block_9,Span,3,Ridge,0.7126142910421698,0.358101959621311,0.22504469682065964,
block_9,Span,3,SVR_RBF,0.637141448075262,0.4023859379798404,0.26292562369480565,
block_9,Span,3,RF_sqrt,0.5528489104625047,0.4466848884138632,0.2687956546530952,
block_9,Span,3,RF_third,0.556176294827589,0.44501982746445123,0.2617253846873009,
block_9,Span,3,GBM,0.5651967066077721,0.4404742514025458,0.29257600823615504,222.0
block_9,Span,3,GBM_train,0.9568015377420083,0.15237064895833816,0.029547180410496976,222.0
block_9,Skewness,3,Ridge,0.577265410382867,0.1694448053443058,0.12453879295842632,
block_9,Skewness,3,SVR_RBF,0.516010221875615,0.1813061189961181,0.1221344857586123,
block_9,Skewness,3,RF_sqrt,0.49500422311333825,0.18519883055998748,0.12898969180744382,
block_9,Skewness,3,RF_third,0.5134082867318484,0.18179281773803807,0.12275221969649622,
block_9,Skewness,3,GBM,0.48925789472503767,0.18624953537571595,0.14011061114549098,112.0
block_9,Skewness,3,GBM_train,0.9358864804956615,0.07503018711007577,0.03583843226728323,112.0
block_9,sigma_local,3,Ridge,0.8193351895906456,2.9506650578824365,2.2326756267404915,
block_9,sigma_local,3,SVR_RBF,0.7464742020821915,3.49537847966059,2.6626583179412107,
block_9,sigma_local,3,RF_sqrt,0.5724856708371243,4.538982065835111,3.429107239642345,
block_9,sigma_local,3,RF_third,0.59513543635875,4.41710793853684,2.9402035136088776,
block_9,sigma_local,3,GBM,0.6664245822322041,4.00940703650555,2.6612282782462033,287.0
block_9,sigma_local,3,GBM_train,0.9767837352003382,1.0021188469198319,0.11376305253429919,287.0
block_9,D50,4,Ridge,0.694127918712646,1.0875684797438459,0.6068742401477483,
block_9,D50,4,SVR_RBF,0.6001279322967713,1.2435041165508107,0.6766004355546791,
block_9,D50,4,RF_sqrt,0.5001617124769486,1.3902773681723541,0.791386768077869,
block_9,D50,4,RF_third,0.479830283245231,1.4182710090215596,0.8980296670175436,
block_9,D50,4,GBM,0.5270724079840725,1.3523341632976666,0.7769914466369965,229.0
block_9,D50,4,GBM_train,0.9527785689339212,0.48392798910973733,0.09893692056464864,229.0
block_9,D90,4,Ridge,0.33323719752527237,1.3133024043001118,0.9626681891752042,
block_9,D90,4,SVR_RBF,0.1954074932985398,1.4426701616288056,0.9995575540560715,
block_9,D90,4,RF_sqrt,0.3213385525061606,1.3249687861844004,0.9754147826865847,
block_9,D90,4,RF_third,0.3393528117062119,1.3072656604246444,0.9572456806637533,
block_9,D90,4,GBM,0.30486794410450335,1.3409504052977927,0.9424764306228219,68.0
block_9,D90,4,GBM_train,0.7728719384318385,0.7259022408649412,0.4221298349190441,68.0
block_9,Span,4,Ridge,0.6506968901694792,0.3744548851539136,0.24070836414472452,
block_9,Span,4,SVR_RBF,0.5963815455505446,0.4025165875989229,0.27198885595358036,
block_9,Span,4,RF_sqrt,0.5187707170230444,0.4395156036036922,0.29704282422038597,
block_9,Span,4,RF_third,0.48748698466681084,0.45357668657280437,0.3145895610167986,
block_9,Span,4,GBM,0.45108252830858275,0.469409421286334,0.30173207169814953,173.0
block_9,Span,4,GBM_train,0.9476434305886329,0.16812331530355698,0.04211751751620829,173.0
block_9,Skewness,4,Ridge,0.6437655179641917,0.16165115236052263,0.08877072078974191,
block_9,Skewness,4,SVR_RBF,0.5605481457521013,0.17954217335838746,0.1257747368239528,
block_9,Skewness,4,RF_sqrt,0.5061486401763771,0.19033074797918642,0.13275309980781558,
block_9,Skewness,4,RF_third,0.47991036253178576,0.19532144463224094,0.13543023284816613,
block_9,Skewness,4,GBM,0.47071562493013974,0.19704043793633946,0.13743704513925026,80.0
block_9,Skewness,4,GBM_train,0.9036873908837086,0.0903024687752557,0.04935968923480927,80.0
block_9,sigma_local,4,Ridge,0.7892307474417461,3.065523527564056,1.5149178844038236,
block_9,sigma_local,4,SVR_RBF,0.7260858441944162,3.4946868391989065,2.145336838708733,
block_9,sigma_local,4,RF_sqrt,0.5936442613784629,4.256515552775464,2.8070406514049573,
block_9,sigma_local,4,RF_third,0.6433741391297613,3.9875619427686817,2.6241016122189995,
block_9,sigma_local,4,GBM,0.7289220920551447,3.4765468681042364,1.8887882203415742,269.0
block_9,sigma_local,4,GBM_train,0.9726682285191881,1.0934710023246614,0.12005176330568545,269.0
