block,metric,patch_uid,texture,image,y_true,y_pred_oof,residual
block_4,D50,3344,Granuleux,070722-Nabila-JP-Valves-WholeMount-SAureus-pat08-20.tif,14.864362454057114,9.31338512449291,5.550977329564203
block_4,D50,3288,Granuleux,070722-Nabila-JP-Valves-WholeMount-SAureus-pat08-20.tif,13.515926540776093,9.562038020944492,3.953888519831601
block_4,D50,3308,Granuleux,070722-Nabila-JP-Valves-WholeMount-SAureus-pat08-20.tif,10.500770284149262,6.6539005752925755,3.846869708856686
block_4,D50,1748,Granuleux,060722-Nabila-JP-Valves-WholeMount-SAureus-pat04-1-37.tif,14.097640955364136,10.409845854125013,3.6877951012391232
block_4,D50,1925,Granuleux,070525-JPB-MEB-EIHNValves-Ech4-ZigZag0019.tif,10.746391375845056,7.171950142942385,3.5744412329026707
block_4,D90,2794,Sableux,070525-JPB-MEB-EIHNValves-Ech6-ZigZag0014.tif,14.925076562781475,19.707567471119646,-4.78249090833817
block_4,D90,2852,Sableux,070525-JPB-MEB-EIHNValves-Ech6-ZigZag0034.tif,14.799490968801312,19.04946013453502,-4.2499691657337095
block_4,D90,2749,Granuleux,070525-JPB-MEB-EIHNValves-Ech6-ZigZag0014.tif,16.106794362125047,20.21382253650266,-4.107028174377614
block_4,D90,2813,Sableux,070525-JPB-MEB-EIHNValves-Ech6-ZigZag0034.tif,15.580333670374133,19.327589109653836,-3.7472554392797033
block_4,D90,403,Granuleux,060525-JPB-MEB-EIHNValves-Ech1-ZigZag20066.tif,15.740712110564536,19.247762637343584,-3.5070505267790484
block_4,Span,378,Sableux,060525-JPB-MEB-EIHNValves-Ech1-ZigZag20066.tif,4.7789357892713,3.346908981912793,1.4320268073585067
block_4,Span,1347,Sableux,060525-JPB-MEB-EIHNValves-Ech3-ZigZag0053.tif,1.786642849150122,3.1334609011342707,-1.3468180519841486
block_4,Span,96,Sableux,060525-JPB-MEB-EIHNValves-Ech1-ZigZag20005.tif,4.5179505932256845,3.380151414381488,1.1377991788441966
block_4,Span,1800,Granuleux,060722-Nabila-JP-Valves-WholeMount-SAureus-pat04-2-15.tif,3.961379456813318,2.9351651017629177,1.0262143550504002
block_4,Span,85,Sableux,060525-JPB-MEB-EIHNValves-Ech1-ZigZag20005.tif,4.226685091653777,3.2343302265171436,0.9923548651366332
block_4,Skewness,3344,Granuleux,070722-Nabila-JP-Valves-WholeMount-SAureus-pat08-20.tif,-0.2380796260932743,0.3671834969808693,-0.6052631230741435
block_4,Skewness,1347,Sableux,060525-JPB-MEB-EIHNValves-Ech3-ZigZag0053.tif,0.1525603029181785,0.7034531008255416,-0.5508927979073631
block_4,Skewness,2840,Sableux,070525-JPB-MEB-EIHNValves-Ech6-ZigZag0034.tif,0.4063880905820762,0.8876145839446221,-0.4812264933625459
block_4,Skewness,364,Sableux,060525-JPB-MEB-EIHNValves-Ech1-ZigZag20066.tif,1.1950328467182485,0.7206376163221938,0.4743952303960547
block_4,Skewness,3308,Granuleux,070722-Nabila-JP-Valves-WholeMount-SAureus-pat08-20.tif,0.1617248027735592,0.6142847224694608,-0.4525599196959016
block_4,sigma_local,1708,Granuleux,060722-Nabila-JP-Valves-WholeMount-SAureus-pat04-1-27.tif,43.00644159925561,31.499875567519908,11.506566031735701
block_4,sigma_local,1687,Granuleux,060722-Nabila-JP-Valves-WholeMount-SAureus-pat04-1-27.tif,37.618537632212366,27.629089611471617,9.989448020740749
block_4,sigma_local,1796,Granuleux,060722-Nabila-JP-Valves-WholeMount-SAureus-pat04-2-15.tif,38.43411082890079,28.932064405021993,9.502046423878799
block_4,sigma_local,1719,Granuleux,060722-Nabila-JP-Valves-WholeMount-SAureus-pat04-1-27.tif,38.29759587586457,29.325088455671846,8.972507420192727
block_4,sigma_local,1707,Granuleux,060722-Nabila-JP-Valves-WholeMount-SAureus-pat04-1-27.tif,35.602280200808536,27.888453099450857,7.71382710135768
block_6,D50,3344,Granuleux,070722-Nabila-JP-Valves-WholeMount-SAureus-pat08-20.tif,14.864362454057114,8.658475777839023,6.205886676218091
block_6,D50,3288,Granuleux,070722-Nabila-JP-Valves-WholeMount-SAureus-pat08-20.tif,13.515926540776093,8.72418426258901,4.791742278187083
block_6,D50,1347,Sableux,060525-JPB-MEB-EIHNValves-Ech3-ZigZag0053.tif,9.904232347225223,6.382116300510139,3.522116046715084
block_6,D50,1748,Granuleux,060722-Nabila-JP-Valves-WholeMount-SAureus-pat04-1-37.tif,14.097640955364136,10.875167322993336,3.2224736323708
block_6,D50,3308,Granuleux,070722-Nabila-JP-Valves-WholeMount-SAureus-pat08-20.tif,10.500770284149262,7.39118859437278,3.1095816897764816
block_6,D90,2794,Sableux,070525-JPB-MEB-EIHNValves-Ech6-ZigZag0014.tif,14.925076562781475,19.939282824934978,-5.014206262153502
block_6,D90,2852,Sableux,070525-JPB-MEB-EIHNValves-Ech6-ZigZag0034.tif,14.799490968801312,19.294567311405267,-4.495076342603955
block_6,D90,2749,Granuleux,070525-JPB-MEB-EIHNValves-Ech6-ZigZag0014.tif,16.106794362125047,20.272854066592345,-4.166059704467298
block_6,D90,2813,Sableux,070525-JPB-MEB-EIHNValves-Ech6-ZigZag0034.tif,15.580333670374133,19.444331742507718,-3.863998072133585
block_6,D90,403,Granuleux,060525-JPB-MEB-EIHNValves-Ech1-ZigZag20066.tif,15.740712110564536,19.261277693599823,-3.520565583035287
block_6,Span,378,Sableux,060525-JPB-MEB-EIHNValves-Ech1-ZigZag20066.tif,4.7789357892713,3.2699679975490454,1.5089677917222541
block_6,Span,1347,Sableux,060525-JPB-MEB-EIHNValves-Ech3-ZigZag0053.tif,1.786642849150122,3.1462612203339657,-1.3596183711838437
block_6,Span,2748,Granuleux,070525-JPB-MEB-EIHNValves-Ech6-ZigZag0014.tif,4.147272691755121,3.0532604019488785,1.0940122898062423
block_6,Span,3344,Granuleux,070722-Nabila-JP-Valves-WholeMount-SAureus-pat08-20.tif,1.4068965616162483,2.435230373225279,-1.0283338116090306
block_6,Span,96,Sableux,060525-JPB-MEB-EIHNValves-Ech1-ZigZag20005.tif,4.5179505932256845,3.508507253449502,1.0094433397761824
block_6,Skewness,3344,Granuleux,070722-Nabila-JP-Valves-WholeMount-SAureus-pat08-20.tif,-0.2380796260932743,0.43814185192594357,-0.6762214780192178
block_6,Skewness,1347,Sableux,060525-JPB-MEB-EIHNValves-Ech3-ZigZag0053.tif,0.1525603029181785,0.7284000834243456,-0.5758397805061671
block_6,Skewness,3288,Granuleux,070722-Nabila-JP-Valves-WholeMount-SAureus-pat08-20.tif,-0.1088796702171264,0.41127819793698417,-0.5201578681541106
block_6,Skewness,2749,Granuleux,070525-JPB-MEB-EIHNValves-Ech6-ZigZag0014.tif,1.1208132307188208,0.6355307965257991,0.48528243419302164
block_6,Skewness,2840,Sableux,070525-JPB-MEB-EIHNValves-Ech6-ZigZag0034.tif,0.4063880905820762,0.8742971538047666,-0.4679090632226904
block_6,sigma_local,1796,Granuleux,060722-Nabila-JP-Valves-WholeMount-SAureus-pat04-2-15.tif,38.43411082890079,26.281647957061928,12.152462871838864
block_6,sigma_local,1708,Granuleux,060722-Nabila-JP-Valves-WholeMount-SAureus-pat04-1-27.tif,43.00644159925561,31.54108765389628,11.465353945359329
block_6,sigma_local,1719,Granuleux,060722-Nabila-JP-Valves-WholeMount-SAureus-pat04-1-27.tif,38.29759587586457,27.719005800691473,10.5785900751731
block_6,sigma_local,1687,Granuleux,060722-Nabila-JP-Valves-WholeMount-SAureus-pat04-1-27.tif,37.618537632212366,28.117089551822197,9.501448080390169
block_6,sigma_local,1772,Granuleux,060722-Nabila-JP-Valves-WholeMount-SAureus-pat04-1-37.tif,36.5727796856616,28.346127827874916,8.226651857786685
block_9,D50,3344,Granuleux,070722-Nabila-JP-Valves-WholeMount-SAureus-pat08-20.tif,14.864362454057114,8.832107824813923,6.032254629243191
block_9,D50,3288,Granuleux,070722-Nabila-JP-Valves-WholeMount-SAureus-pat08-20.tif,13.515926540776093,8.829431888763718,4.6864946520123745
block_9,D50,1347,Sableux,060525-JPB-MEB-EIHNValves-Ech3-ZigZag0053.tif,9.904232347225223,6.022743876913119,3.881488470312104
block_9,D50,1748,Granuleux,060722-Nabila-JP-Valves-WholeMount-SAureus-pat04-1-37.tif,14.097640955364136,10.22761910563631,3.870021849727827
block_9,D50,2929,Sableux,070525-JPB-MEB-EIHNValves-Ech6-ZigZag0058.tif,7.485660941000747,4.091127171910727,3.39453376909002
block_9,D90,2794,Sableux,070525-JPB-MEB-EIHNValves-Ech6-ZigZag0014.tif,14.925076562781475,19.971514939565164,-5.046438376783689
block_9,D90,2852,Sableux,070525-JPB-MEB-EIHNValves-Ech6-ZigZag0034.tif,14.799490968801312,19.434611382922213,-4.635120414120902
block_9,D90,2749,Granuleux,070525-JPB-MEB-EIHNValves-Ech6-ZigZag0014.tif,16.106794362125047,20.448751280666503,-4.341956918541456
block_9,D90,2813,Sableux,070525-JPB-MEB-EIHNValves-Ech6-ZigZag0034.tif,15.580333670374133,19.61956658769926,-4.039232917325128
block_9,D90,2750,Granuleux,070525-JPB-MEB-EIHNValves-Ech6-ZigZag0014.tif,16.571055067098563,20.474141295383028,-3.903086228284465
block_9,Span,1347,Sableux,060525-JPB-MEB-EIHNValves-Ech3-ZigZag0053.tif,1.786642849150122,3.356002513387547,-1.5693596642374248
block_9,Span,378,Sableux,060525-JPB-MEB-EIHNValves-Ech1-ZigZag20066.tif,4.7789357892713,3.273749309304196,1.5051864799671035
block_9,Span,2748,Granuleux,070525-JPB-MEB-EIHNValves-Ech6-ZigZag0014.tif,4.147272691755121,2.8955104405147987,1.2517622512403221
block_9,Span,2033,Sableux,070525-JPB-MEB-EIHNValves-Ech4-ZigZag0038.tif,3.77423407344812,2.7525632964286406,1.0216707770194793
block_9,Span,44,Granuleux,060525-JPB-MEB-EIHNValves-Ech1-ZigZag20002.tif,1.8492948775674096,2.841566815475257,-0.9922719379078473
block_9,Skewness,3344,Granuleux,070722-Nabila-JP-Valves-WholeMount-SAureus-pat08-20.tif,-0.2380796260932743,0.40507273445758873,-0.643152360550863
block_9,Skewness,1347,Sableux,060525-JPB-MEB-EIHNValves-Ech3-ZigZag0053.tif,0.1525603029181785,0.7470861215219363,-0.5945258186037579
block_9,Skewness,2929,Sableux,070525-JPB-MEB-EIHNValves-Ech6-ZigZag0058.tif,0.5003701251318156,1.0450299515260149,-0.5446598263941993
block_9,Skewness,2749,Granuleux,070525-JPB-MEB-EIHNValves-Ech6-ZigZag0014.tif,1.1208132307188208,0.5851848882238406,0.5356283424949801
block_9,Skewness,3288,Granuleux,070722-Nabila-JP-Valves-WholeMount-SAureus-pat08-20.tif,-0.1088796702171264,0.4129198533079579,-0.5217995235250843
block_9,sigma_local,1708,Granuleux,060722-Nabila-JP-Valves-WholeMount-SAureus-pat04-1-27.tif,43.00644159925561,25.34192448249317,17.66451711676244
block_9,sigma_local,1796,Granuleux,060722-Nabila-JP-Valves-WholeMount-SAureus-pat04-2-15.tif,38.43411082890079,24.13364631281229,14.300464516088503
block_9,sigma_local,1719,Granuleux,060722-Nabila-JP-Valves-WholeMount-SAureus-pat04-1-27.tif,38.29759587586457,24.7029719086344,13.594623967230174
block_9,sigma_local,1687,Granuleux,060722-Nabila-JP-Valves-WholeMount-SAureus-pat04-1-27.tif,37.618537632212366,24.13580613871178,13.482731493500587
block_9,sigma_local,1720,Granuleux,060722-Nabila-JP-Valves-WholeMount-SAureus-pat04-1-27.tif,39.585046195209785,27.187960297714618,12.397085897495167
